full_tick_index,start_ns,wall_ms,full_tick_ns,mixed_callback_ns,authored_callback_ns,fixture_validation_ns,fixture_save_and_log_ns,mixed_operations_ns,fixture_initialization_ns,journal_persist_ns,journal_read_ns,player_checkpoint_ns
1,478237017413000,1791568755758,235691700,217339100,0,0,0,0,216370700,0,0,0
61,478240016911500,1791568758585,63544700,62443300,0,492600,0,61123800,0,0,0,0
101,478242016687200,1791568760703,181696900,178814500,0,233100,0,174723500,0,37301800,20457700,92670700
161,478245018306500,1791568763573,50788600,50511700,0,221300,0,46149500,0,0,0,0
181,478246016649300,1791568764592,71241600,70849200,0,217400,0,66943700,0,0,9920900,0
201,478247017333400,1791568765640,118473500,117990100,0,134700,66893200,50031900,0,0,0,0
301,478252018455000,1791568770697,173654700,173121500,0,180200,0,169168500,0,36087100,27171000,91007600
361,478255017914700,1791568773575,53093300,52556100,0,136500,0,48636500,0,0,0,0
381,478256018420400,1791568774588,65660900,65251400,0,148700,0,61570300,0,0,9441300,0
401,478257016524100,1791568775624,102988400,102785400,0,246500,70252900,31484800,0,0,0,0
501,478262016612600,1791568780680,158446400,158267000,0,98200,0,154300200,0,35567500,22168600,87449000
561,478265018287200,1791568783575,52800600,52501700,0,112900,0,47861000,0,0,0,0
581,478266018101900,1791568784593,69632400,69308600,0,124900,0,64331800,0,0,10200300,0
601,478267018004500,1791568785599,76834200,76482500,0,178600,55294900,19978800,0,0,0,0
701,478272017458100,1791568790690,168290100,167880200,0,96500,0,163304600,0,38847800,21921700,91944000
761,478275017034500,1791568793572,50682900,50541500,0,117900,0,46000800,0,0,0,0
781,478276017174900,1791568794597,75967800,75778700,0,106300,0,71964800,0,0,17380800,0
801,478277017007100,1791568795607,84795600,84660500,0,145700,59972700,23724100,0,0,0,0
900,478281966871200,1791568800534,62311400,222600,0,137800,0,81000,0,0,0,0
901,478282077798400,1791568800765,181949300,156557500,0,99200,0,152285700,0,33772000,19453100,88889400
961,478285018430800,1791568803574,51206400,51090200,0,126400,0,46814600,0,0,0,0
981,478286016823800,1791568804590,68258700,68181800,0,106600,0,64259100,0,0,9766400,0
1001,478287016946400,1791568805615,93372600,93136500,0,177200,67976000,24020100,0,0,0,0
1101,478292017655800,1791568810680,157681100,157511600,0,98800,0,153855900,0,35073400,19797200,89973400
1161,478295017081900,1791568813576,53901300,53754000,0,125800,0,49309900,0,0,0,0
1181,478296016543800,1791568814586,65462000,65363400,0,104000,0,61802400,0,0,8628100,0
