26690,474899521200100,890037909,16665000
26690,474899521200100,890037909,16678400
26690,474899521200100,890037909,16499100
26690,474899521200100,890037909,16860500
26690,474899521200100,890037909,16553000
26690,474899521200100,890037909,16818700
26690,474899521200100,890037909,16628700
26690,474899521200100,890037909,16812300
26690,474899521200100,890037909,16464700
26690,474899521200100,890037909,16658400
26690,474899521200100,890037909,16519300
26690,474899521200100,890037909,16848100
26690,474899521200100,890037909,16672700
26690,474899521200100,890037909,16699600
26690,474899521200100,890037909,16603100
26690,474899521200100,890037909,16687400
26690,474899521200100,890037909,16603600
26690,474899521200100,890037909,16752900
26690,474899521200100,890037909,16657400
26690,474899521200100,890037909,16662500
26690,474899521200100,890037909,16585000
26690,474899521200100,890037909,16804600
26690,474899521200100,890037909,16524600
26690,474899521200100,890037909,16749500
26690,474899521200100,890037909,16651500
26690,474899521200100,890037909,16694900
26690,474899521200100,890037909,16642300
26690,474899521200100,890037909,16634400
26690,474899521200100,890037909,16627000
26690,474899521200100,890037909,16744800
26700,474900021747200,890037909,16664100
26700,474900021747200,890037909,16665500
26700,474900021747200,890037909,16654500
26700,474900021747200,890037909,16672200
26700,474900021747200,890037909,16725900
26700,474900021747200,890037909,16534700
26700,474900021747200,890037909,16662300
26700,474900021747200,890037909,16784300
26700,474900021747200,890037909,16548200
26700,474900021747200,890037909,16762900
26700,474900021747200,890037909,16682400
26700,474900021747200,890037909,16686800
26700,474900021747200,890037909,16464400
26700,474900021747200,890037909,16823700
26700,474900021747200,890037909,16644000
26700,474900021747200,890037909,16677100
26700,474900021747200,890037909,16599400
26700,474900021747200,890037909,16651000
26700,474900021747200,890037909,16718000
26700,474900021747200,890037909,16724500
26700,474900021747200,890037909,16657400
26700,474900021747200,890037909,16690600
26700,474900021747200,890037909,16483600
26700,474900021747200,890037909,16871000
26700,474900021747200,890037909,16576700
26700,474900021747200,890037909,16751100
26700,474900021747200,890037909,16593900
26700,474900021747200,890037909,16657000
26700,474900021747200,890037909,16699000
26700,474900021747200,890037909,16666800
26710,474900521152500,890037909,16600600
26710,474900521152500,890037909,16689800
26710,474900521152500,890037909,16620700
26710,474900521152500,890037909,16724200
26710,474900521152500,890037909,16475700
26710,474900521152500,890037909,16842000
26710,474900521152500,890037909,16614700
26710,474900521152500,890037909,16711500
26710,474900521152500,890037909,16683100
26710,474900521152500,890037909,16663900
26710,474900521152500,890037909,16531000
26710,474900521152500,890037909,16851700
26710,474900521152500,890037909,16636600
26710,474900521152500,890037909,16608900
26710,474900521152500,890037909,16670900
26710,474900521152500,890037909,16684400
26710,474900521152500,890037909,16671400
26710,474900521152500,890037909,16686400
26710,474900521152500,890037909,16666000
26710,474900521152500,890037909,16667300
26710,474900521152500,890037909,16679800
26710,474900521152500,890037909,16622700
26710,474900521152500,890037909,16556800
26710,474900521152500,890037909,16742900
26710,474900521152500,890037909,16779700
26710,474900521152500,890037909,16639100
26710,474900521152500,890037909,16640000
26710,474900521152500,890037909,16693800
26710,474900521152500,890037909,16637100
26710,474900521152500,890037909,16678500
26720,474901021068500,890037909,16631100
26720,474901021068500,890037909,16664000
26720,474901021068500,890037909,16679900
26720,474901021068500,890037909,16646300
26720,474901021068500,890037909,16572500
26720,474901021068500,890037909,16846200
26720,474901021068500,890037909,16635700
26720,474901021068500,890037909,16680000
26720,474901021068500,890037909,16636000
26720,474901021068500,890037909,16602800
26720,474901021068500,890037909,16564600
26720,474901021068500,890037909,16829600
26720,474901021068500,890037909,16574600
26720,474901021068500,890037909,16773400
26720,474901021068500,890037909,16609600
26720,474901021068500,890037909,16649500
26720,474901021068500,890037909,16716900
26720,474901021068500,890037909,16631600
26720,474901021068500,890037909,16825200
26720,474901021068500,890037909,16332200
26720,474901021068500,890037909,16911500
26720,474901021068500,890037909,16621800
26720,474901021068500,890037909,16662100
26720,474901021068500,890037909,16648000
26720,474901021068500,890037909,16619600
26720,474901021068500,890037909,16697500
26720,474901021068500,890037909,16683900
26720,474901021068500,890037909,16680100
26720,474901021068500,890037909,16608000
26720,474901021068500,890037909,16719300
26730,474901521218100,890037909,16683600
26730,474901521218100,890037909,16613900
26730,474901521218100,890037909,16677400
26730,474901521218100,890037909,16625900
26730,474901521218100,890037909,16507600
26730,474901521218100,890037909,16894600
26730,474901521218100,890037909,16616000
26730,474901521218100,890037909,16758500
26730,474901521218100,890037909,16649500
26730,474901521218100,890037909,16643500
26730,474901521218100,890037909,16526100
26730,474901521218100,890037909,16812600
26730,474901521218100,890037909,16663800
26730,474901521218100,890037909,16697500
26730,474901521218100,890037909,16561300
26730,474901521218100,890037909,16749300
26730,474901521218100,890037909,16525500
26730,474901521218100,890037909,16821400
26730,474901521218100,890037909,16491600
26730,474901521218100,890037909,16824200
26730,474901521218100,890037909,16624200
26730,474901521218100,890037909,16733500
26730,474901521218100,890037909,16498600
26730,474901521218100,890037909,16798500
26730,474901521218100,890037909,16672500
26730,474901521218100,890037909,16694000
26730,474901521218100,890037909,16646300
26730,474901521218100,890037909,16683900
26730,474901521218100,890037909,16654700
26730,474901521218100,890037909,16657800
26740,474902021258400,890037909,16611500
26740,474902021258400,890037909,16655500
26740,474902021258400,890037909,16731600
26740,474902021258400,890037909,16600800
26740,474902021258400,890037909,16569000
26740,474902021258400,890037909,16766100
26740,474902021258400,890037909,16636300
26740,474902021258400,890037909,16751100
26740,474902021258400,890037909,16693600
26740,474902021258400,890037909,16644000
26740,474902021258400,890037909,16582700
26740,474902021258400,890037909,16772300
26740,474902021258400,890037909,16687700
26740,474902021258400,890037909,16401100
26740,474902021258400,890037909,16852600
26740,474902021258400,890037909,16685100
26740,474902021258400,890037909,16716000
26740,474902021258400,890037909,16628400
26740,474902021258400,890037909,16635300
26740,474902021258400,890037909,16719300
26740,474902021258400,890037909,16608500
26740,474902021258400,890037909,16695100
26740,474902021258400,890037909,16801300
26740,474902021258400,890037909,16471200
26740,474902021258400,890037909,16705600
26740,474902021258400,890037909,16704100
26740,474902021258400,890037909,16568200
26740,474902021258400,890037909,16747200
26740,474902021258400,890037909,16446200
26740,474902021258400,890037909,16902300
26750,474902520996500,890037909,16677100
26750,474902520996500,890037909,16582500
26750,474902520996500,890037909,16779100
26750,474902520996500,890037909,16624000
26750,474902520996500,890037909,16637000
26750,474902520996500,890037909,16869300
26750,474902520996500,890037909,16466300
26750,474902520996500,890037909,16654500
26750,474902520996500,890037909,16721600
26750,474902520996500,890037909,16638400
26750,474902520996500,890037909,16507500
26750,474902520996500,890037909,16811600
26750,474902520996500,890037909,16610100
26750,474902520996500,890037909,16761300
26750,474902520996500,890037909,16541900
26750,474902520996500,890037909,16711600
26750,474902520996500,890037909,16709400
26750,474902520996500,890037909,16606500
26750,474902520996500,890037909,16731500
26750,474902520996500,890037909,16731200
26750,474902520996500,890037909,16576800
26750,474902520996500,890037909,16709100
26750,474902520996500,890037909,16571400
26750,474902520996500,890037909,16759500
26750,474902520996500,890037909,16612200
26750,474902520996500,890037909,16642000
26750,474902520996500,890037909,16706100
26750,474902520996500,890037909,16630600
26750,474902520996500,890037909,16744700
26750,474902520996500,890037909,16637100
26760,474903021065000,890037909,16623900
26760,474903021065000,890037909,16730700
26760,474903021065000,890037909,16657800
26760,474903021065000,890037909,16634900
26760,474903021065000,890037909,16638600
26760,474903021065000,890037909,16687300
26760,474903021065000,890037909,16681300
26760,474903021065000,890037909,16673700
26760,474903021065000,890037909,16659700
26760,474903021065000,890037909,16686400
26760,474903021065000,890037909,16552800
26760,474903021065000,890037909,16771600
26760,474903021065000,890037909,16669100
26760,474903021065000,890037909,16656300
26760,474903021065000,890037909,16652200
26760,474903021065000,890037909,16596800
26760,474903021065000,890037909,16666700
26760,474903021065000,890037909,16775200
26760,474903021065000,890037909,16605300
26760,474903021065000,890037909,16717100
26760,474903021065000,890037909,16563900
26760,474903021065000,890037909,16768100
26760,474903021065000,890037909,16641200
26760,474903021065000,890037909,16764100
26760,474903021065000,890037909,16563400
26760,474903021065000,890037909,16689200
26760,474903021065000,890037909,16667100
26760,474903021065000,890037909,16689900
26760,474903021065000,890037909,16497600
26760,474903021065000,890037909,16772200
26770,474903520978300,890037909,16658800
26770,474903520978300,890037909,16668600
26770,474903520978300,890037909,16672200
26770,474903520978300,890037909,16678400
26770,474903520978300,890037909,16632300
26770,474903520978300,890037909,16807200
26770,474903520978300,890037909,16532600
26770,474903520978300,890037909,16680300
26770,474903520978300,890037909,16611000
26770,474903520978300,890037909,16734900
26770,474903520978300,890037909,17284200
26770,474903520978300,890037909,16032700
26770,474903520978300,890037909,16661900
26770,474903520978300,890037909,16695900
26770,474903520978300,890037909,16640800
26770,474903520978300,890037909,16692700
26770,474903520978300,890037909,16685500
26770,474903520978300,890037909,16647500
26770,474903520978300,890037909,16576700
26770,474903520978300,890037909,16733700
26770,474903520978300,890037909,16695800
26770,474903520978300,890037909,16681900
26770,474903520978300,890037909,16651500
26770,474903520978300,890037909,16571700
26770,474903520978300,890037909,16768400
26770,474903520978300,890037909,16696300
26770,474903520978300,890037909,16567100
26770,474903520978300,890037909,16656600
26770,474903520978300,890037909,16743000
26770,474903520978300,890037909,16687000
26780,474904022313000,890037909,16617200
26780,474904022313000,890037909,16642600
26780,474904022313000,890037909,16691600
26780,474904022313000,890037909,16490800
26780,474904022313000,890037909,16858600
26780,474904022313000,890037909,16664900
26780,474904022313000,890037909,16577200
26780,474904022313000,890037909,16742700
26780,474904022313000,890037909,16654800
26780,474904022313000,890037909,16694100
26780,474904022313000,890037909,16489500
26780,474904022313000,890037909,16814800
26780,474904022313000,890037909,16663400
26780,474904022313000,890037909,16732100
26780,474904022313000,890037909,16537500
26780,474904022313000,890037909,16729500
26780,474904022313000,890037909,16602900
26780,474904022313000,890037909,16662800
26780,474904022313000,890037909,16719900
26780,474904022313000,890037909,16687800
26780,474904022313000,890037909,16619900
26780,474904022313000,890037909,16744800
26780,474904022313000,890037909,16624300
26780,474904022313000,890037909,16616200
26780,474904022313000,890037909,16699600
26780,474904022313000,890037909,16699800
26780,474904022313000,890037909,16571500
26780,474904022313000,890037909,16782900
26780,474904022313000,890037909,16568900
26780,474904022313000,890037909,16783300
26790,474904520889600,890037909,16743700
26790,474904520889600,890037909,16591800
26790,474904520889600,890037909,16616300
26790,474904520889600,890037909,16611100
26790,474904520889600,890037909,16487700
26790,474904520889600,890037909,16887600
26790,474904520889600,890037909,16597200
26790,474904520889600,890037909,16754100
26790,474904520889600,890037909,16593500
26790,474904520889600,890037909,16730700
26790,474904520889600,890037909,16659300
26790,474904520889600,890037909,16699700
26790,474904520889600,890037909,16561500
26790,474904520889600,890037909,16806700
26790,474904520889600,890037909,16581600
26790,474904520889600,890037909,16622500
26790,474904520889600,890037909,16577000
26790,474904520889600,890037909,16754500
26790,474904520889600,890037909,16666200
26790,474904520889600,890037909,16770000
26790,474904520889600,890037909,16642400
26790,474904520889600,890037909,16696400
26790,474904520889600,890037909,16466900
26790,474904520889600,890037909,16802700
26790,474904520889600,890037909,16643700
26790,474904520889600,890037909,16693200
26790,474904520889600,890037909,16622000
26790,474904520889600,890037909,16694200
26790,474904520889600,890037909,16594000
26790,474904520889600,890037909,16802600
26800,474905020825000,890037909,16622400
26800,474905020825000,890037909,16664400
26800,474905020825000,890037909,16590100
26800,474905020825000,890037909,16748700
26800,474905020825000,890037909,16626500
26800,474905020825000,890037909,16714100
26800,474905020825000,890037909,16574100
26800,474905020825000,890037909,16702300
26800,474905020825000,890037909,16710900
26800,474905020825000,890037909,16628300
26800,474905020825000,890037909,16629300
26800,474905020825000,890037909,16752800
26800,474905020825000,890037909,16666200
26800,474905020825000,890037909,16617700
26800,474905020825000,890037909,16709000
26800,474905020825000,890037909,16600400
26800,474905020825000,890037909,16683600
26800,474905020825000,890037909,16518200
26800,474905020825000,890037909,16615900
26800,474905020825000,890037909,16835500
26800,474905020825000,890037909,16659600
26800,474905020825000,890037909,16761400
26800,474905020825000,890037909,16648200
26800,474905020825000,890037909,16629100
26800,474905020825000,890037909,16670900
26800,474905020825000,890037909,16728100
26800,474905020825000,890037909,16698500
26800,474905020825000,890037909,16578200
26800,474905020825000,890037909,16723800
26800,474905020825000,890037909,16558800
26810,474905520784100,890037909,16681400
26810,474905520784100,890037909,16665700
26810,474905520784100,890037909,16726500
26810,474905520784100,890037909,16680600
26810,474905520784100,890037909,16679300
26810,474905520784100,890037909,16601400
26810,474905520784100,890037909,16681700
26810,474905520784100,890037909,16609900
26810,474905520784100,890037909,16612300
26810,474905520784100,890037909,16812200
26810,474905520784100,890037909,16487000
26810,474905520784100,890037909,16827000
26810,474905520784100,890037909,16679400
26810,474905520784100,890037909,16679800
26810,474905520784100,890037909,16578000
26810,474905520784100,890037909,16740400
26810,474905520784100,890037909,16619100
26810,474905520784100,890037909,16713500
26810,474905520784100,890037909,16641800
26810,474905520784100,890037909,16675700
26810,474905520784100,890037909,16619400
26810,474905520784100,890037909,16741500
26810,474905520784100,890037909,16648200
26810,474905520784100,890037909,16658500
26810,474905520784100,890037909,16580900
26810,474905520784100,890037909,16768200
26810,474905520784100,890037909,16639200
26810,474905520784100,890037909,16684600
26810,474905520784100,890037909,16656200
26810,474905520784100,890037909,16672200
26820,474906021099600,890037909,16615300
26820,474906021099600,890037909,16703800
26820,474906021099600,890037909,16642200
26820,474906021099600,890037909,16689400
26820,474906021099600,890037909,16666100
26820,474906021099600,890037909,16597200
26820,474906021099600,890037909,16728100
26820,474906021099600,890037909,16712000
26820,474906021099600,890037909,16640900
26820,474906021099600,890037909,16669300
26820,474906021099600,890037909,16578500
26820,474906021099600,890037909,16743500
26820,474906021099600,890037909,16590300
26820,474906021099600,890037909,16770900
26820,474906021099600,890037909,16615700
26820,474906021099600,890037909,16763800
26820,474906021099600,890037909,16457100
26820,474906021099600,890037909,16713700
26820,474906021099600,890037909,16691400
26820,474906021099600,890037909,16744500
26820,474906021099600,890037909,16566300
26820,474906021099600,890037909,16739600
26820,474906021099600,890037909,16516500
26820,474906021099600,890037909,16810100
26820,474906021099600,890037909,16629200
26820,474906021099600,890037909,16759400
26820,474906021099600,890037909,16616000
26820,474906021099600,890037909,16612200
26820,474906021099600,890037909,16733700
26820,474906021099600,890037909,16643100
26830,474906520740200,890037909,16678000
26830,474906520740200,890037909,16674700
26830,474906520740200,890037909,16600000
26830,474906520740200,890037909,16720300
26830,474906520740200,890037909,16693400
26830,474906520740200,890037909,16607800
26830,474906520740200,890037909,16687200
26830,474906520740200,890037909,16925900
26830,474906520740200,890037909,16367200
26830,474906520740200,890037909,16725900
26830,474906520740200,890037909,16544100
26830,474906520740200,890037909,16756500
26830,474906520740200,890037909,16615000
26830,474906520740200,890037909,16737300
26830,474906520740200,890037909,16588000
26830,474906520740200,890037909,16712800
26830,474906520740200,890037909,16707600
26830,474906520740200,890037909,16673200
26830,474906520740200,890037909,16570400
26830,474906520740200,890037909,16742000
26830,474906520740200,890037909,16619600
26830,474906520740200,890037909,16582600
26830,474906520740200,890037909,16764300
26830,474906520740200,890037909,16742600
26830,474906520740200,890037909,16546000
26830,474906520740200,890037909,16771100
26830,474906520740200,890037909,16655900
26830,474906520740200,890037909,16600700
26830,474906520740200,890037909,16590800
26830,474906520740200,890037909,16752700
26840,474907020724300,890037909,16681900
26840,474907020724300,890037909,16683700
26840,474907020724300,890037909,16633700
26840,474907020724300,890037909,16652800
26840,474907020724300,890037909,16710500
26840,474907020724300,890037909,16688700
26840,474907020724300,890037909,16561700
26840,474907020724300,890037909,16801600
26840,474907020724300,890037909,16610500
26840,474907020724300,890037909,16585200
26840,474907020724300,890037909,16759700
26840,474907020724300,890037909,16693500
26840,474907020724300,890037909,16618200
26840,474907020724300,890037909,16714300
26840,474907020724300,890037909,16623000
26840,474907020724300,890037909,16683900
26840,474907020724300,890037909,16655400
26840,474907020724300,890037909,16662200
26840,474907020724300,890037909,16594700
26840,474907020724300,890037909,16784800
26840,474907020724300,890037909,16655200
26840,474907020724300,890037909,16669700
26840,474907020724300,890037909,16618900
26840,474907020724300,890037909,16718300
26840,474907020724300,890037909,16520400
26840,474907020724300,890037909,16812100
26840,474907020724300,890037909,16614200
26840,474907020724300,890037909,16735700
26840,474907020724300,890037909,16611000
26840,474907020724300,890037909,16683200
26850,474907521378600,890037909,16565500
26850,474907521378600,890037909,16762900
26850,474907521378600,890037909,16575600
26850,474907521378600,890037909,16721600
26850,474907521378600,890037909,16644400
26850,474907521378600,890037909,16719400
26850,474907521378600,890037909,16646200
26850,474907521378600,890037909,16699000
26850,474907521378600,890037909,16602800
26850,474907521378600,890037909,16611000
26850,474907521378600,890037909,16712000
26850,474907521378600,890037909,16706200
26850,474907521378600,890037909,16597700
26850,474907521378600,890037909,16773900
26850,474907521378600,890037909,16681100
26850,474907521378600,890037909,16527300
26850,474907521378600,890037909,16691000
26850,474907521378600,890037909,16666000
26850,474907521378600,890037909,16649100
26850,474907521378600,890037909,16700000
26850,474907521378600,890037909,16701300
26850,474907521378600,890037909,16686700
26850,474907521378600,890037909,16675700
26850,474907521378600,890037909,16691600
26850,474907521378600,890037909,16590300
26850,474907521378600,890037909,16726000
26850,474907521378600,890037909,16621800
26850,474907521378600,890037909,16941700
26850,474907521378600,890037909,16527300
26850,474907521378600,890037909,16787800
26860,474908021262500,890037909,16419700
26860,474908021262500,890037909,16637800
26860,474908021262500,890037909,16669300
26860,474908021262500,890037909,16660600
26860,474908021262500,890037909,16644100
26860,474908021262500,890037909,16667400
26860,474908021262500,890037909,16705000
26860,474908021262500,890037909,16675800
26860,474908021262500,890037909,16647100
26860,474908021262500,890037909,16650500
26860,474908021262500,890037909,16787800
26860,474908021262500,890037909,16562700
26860,474908021262500,890037909,16616600
26860,474908021262500,890037909,16700900
26860,474908021262500,890037909,16640900
26860,474908021262500,890037909,16699100
26860,474908021262500,890037909,16674900
26860,474908021262500,890037909,16651400
26860,474908021262500,890037909,16674600
26860,474908021262500,890037909,16665000
26860,474908021262500,890037909,16644200
26860,474908021262500,890037909,16666700
26860,474908021262500,890037909,16659900
26860,474908021262500,890037909,16755000
26860,474908021262500,890037909,16574700
26860,474908021262500,890037909,16669800
26860,474908021262500,890037909,16663900
26860,474908021262500,890037909,16659800
26860,474908021262500,890037909,16690900
26860,474908021262500,890037909,16714600
26870,474908520930300,890037909,16597600
26870,474908520930300,890037909,16663900
26870,474908520930300,890037909,16725300
26870,474908520930300,890037909,16671300
26870,474908520930300,890037909,16654400
26870,474908520930300,890037909,16668800
26870,474908520930300,890037909,16649200
26870,474908520930300,890037909,16686700
26870,474908520930300,890037909,16656900
26870,474908520930300,890037909,16681200
26870,474908520930300,890037909,16640300
26870,474908520930300,890037909,16721400
26870,474908520930300,890037909,16619700
26870,474908520930300,890037909,16487300
26870,474908520930300,890037909,16765200
26870,474908520930300,890037909,16756200
26870,474908520930300,890037909,16528500
26870,474908520930300,890037909,16795300
26870,474908520930300,890037909,16707000
26870,474908520930300,890037909,16658900
26870,474908520930300,890037909,16620300
26870,474908520930300,890037909,16725300
26870,474908520930300,890037909,16386500
26870,474908520930300,890037909,16886900
26870,474908520930300,890037909,16676800
26870,474908520930300,890037909,16697400
26870,474908520930300,890037909,16565000
26870,474908520930300,890037909,16726200
26870,474908520930300,890037909,16675400
26870,474908520930300,890037909,16639000
26880,474909020972100,890037909,16696300
26880,474909020972100,890037909,16703100
26880,474909020972100,890037909,16658100
26880,474909020972100,890037909,16628500
26880,474909020972100,890037909,16595700
26880,474909020972100,890037909,16689200
26880,474909020972100,890037909,16670200
26880,474909020972100,890037909,16695000
26880,474909020972100,890037909,16647900
26880,474909020972100,890037909,16717100
26880,474909020972100,890037909,16743500
26880,474909020972100,890037909,16739700
26880,474909020972100,890037909,16518300
26880,474909020972100,890037909,16676500
26880,474909020972100,890037909,17313500
26880,474909020972100,890037909,15999500
26880,474909020972100,890037909,16654000
26880,474909020972100,890037909,16630100
26880,474909020972100,890037909,16630600
26880,474909020972100,890037909,16681000
26880,474909020972100,890037909,16647500
26880,474909020972100,890037909,16761400
26880,474909020972100,890037909,16629500
26880,474909020972100,890037909,16721000
26880,474909020972100,890037909,16613100
26880,474909020972100,890037909,16721500
26880,474909020972100,890037909,16608100
26880,474909020972100,890037909,16613200
26880,474909020972100,890037909,16740300
26880,474909020972100,890037909,16694000
26890,474909520873900,890037909,16652200
26890,474909520873900,890037909,16461000
26890,474909520873900,890037909,16880400
26890,474909520873900,890037909,16708100
26890,474909520873900,890037909,16614700
26890,474909520873900,890037909,16668800
26890,474909520873900,890037909,16563300
26890,474909520873900,890037909,16793700
26890,474909520873900,890037909,16625500
26890,474909520873900,890037909,16726300
26890,474909520873900,890037909,16569100
26890,474909520873900,890037909,16723700
26890,474909520873900,890037909,16659800
26890,474909520873900,890037909,16702600
26890,474909520873900,890037909,16609400
26890,474909520873900,890037909,16675500
26890,474909520873900,890037909,16651500
26890,474909520873900,890037909,16694500
26890,474909520873900,890037909,16636800
26890,474909520873900,890037909,17583400
26890,474909520873900,890037909,15879200
26890,474909520873900,890037909,16578800
26890,474909520873900,890037909,16566900
26890,474909520873900,890037909,16672000
26890,474909520873900,890037909,16743900
26890,474909520873900,890037909,16670100
26890,474909520873900,890037909,16620800
26890,474909520873900,890037909,16621200
26890,474909520873900,890037909,16749300
26890,474909520873900,890037909,16652400
26900,474910020747700,890037909,16644800
26900,474910020747700,890037909,16686900
26900,474910020747700,890037909,16850100
26900,474910020747700,890037909,16405800
26900,474910020747700,890037909,16707600
26900,474910020747700,890037909,16670100
26900,474910020747700,890037909,16657000
26900,474910020747700,890037909,16693500
26900,474910020747700,890037909,16594100
26900,474910020747700,890037909,16693200
26900,474910020747700,890037909,16722600
26900,474910020747700,890037909,16658300
26900,474910020747700,890037909,16642100
26900,474910020747700,890037909,16723100
26900,474910020747700,890037909,16664000
26900,474910020747700,890037909,16654000
26900,474910020747700,890037909,16641500
26900,474910020747700,890037909,16636300
26900,474910020747700,890037909,16701200
26900,474910020747700,890037909,16677500
26900,474910020747700,890037909,16657900
26900,474910020747700,890037909,16665400
26900,474910020747700,890037909,16652500
26900,474910020747700,890037909,16682000
26900,474910020747700,890037909,16630800
26900,474910020747700,890037909,16768500
26900,474910020747700,890037909,16557600
26900,474910020747700,890037909,16686300
26900,474910020747700,890037909,16723400
26900,474910020747700,890037909,16607900
26910,474910520527600,890037909,16686400
26910,474910520527600,890037909,16620700
26910,474910520527600,890037909,16704400
26910,474910520527600,890037909,16698000
26910,474910520527600,890037909,16649200
26910,474910520527600,890037909,16679300
26910,474910520527600,890037909,16634900
26910,474910520527600,890037909,16675500
26910,474910520527600,890037909,16686400
26910,474910520527600,890037909,16692500
26910,474910520527600,890037909,16588700
26910,474910520527600,890037909,16716100
26910,474910520527600,890037909,16672800
26910,474910520527600,890037909,16708200
26910,474910520527600,890037909,16522100
26910,474910520527600,890037909,16727600
26910,474910520527600,890037909,16635900
26910,474910520527600,890037909,16733800
26910,474910520527600,890037909,16689200
26910,474910520527600,890037909,16629600
26910,474910520527600,890037909,16632600
26910,474910520527600,890037909,16676300
26910,474910520527600,890037909,16580800
26910,474910520527600,890037909,16803500
26910,474910520527600,890037909,16576700
26910,474910520527600,890037909,16749700
26910,474910520527600,890037909,16618500
26910,474910520527600,890037909,16674900
26910,474910520527600,890037909,16675700
26910,474910520527600,890037909,16627300
26920,474911020608600,890037909,16666000
26920,474911020608600,890037909,16648400
26920,474911020608600,890037909,16685200
26920,474911020608600,890037909,16708300
26920,474911020608600,890037909,16577500
26920,474911020608600,890037909,16743800
26920,474911020608600,890037909,16656400
26920,474911020608600,890037909,16676700
26920,474911020608600,890037909,16691400
26920,474911020608600,890037909,16576600
26920,474911020608600,890037909,16663800
26920,474911020608600,890037909,16717000
26920,474911020608600,890037909,16653900
26920,474911020608600,890037909,16671800
26920,474911020608600,890037909,16616700
26920,474911020608600,890037909,16702700
26920,474911020608600,890037909,16594500
26920,474911020608600,890037909,16765100
26920,474911020608600,890037909,16687900
26920,474911020608600,890037909,16689600
26920,474911020608600,890037909,16601900
26920,474911020608600,890037909,16721700
26920,474911020608600,890037909,16744800
26920,474911020608600,890037909,16557800
26920,474911020608600,890037909,16584300
26920,474911020608600,890037909,16750000
26920,474911020608600,890037909,16433000
26920,474911020608600,890037909,16904000
26920,474911020608600,890037909,16584300
26920,474911020608600,890037909,16768100
26930,474911521003200,890037909,16649800
26930,474911521003200,890037909,16662900
26930,474911521003200,890037909,16502000
26930,474911521003200,890037909,16742200
26930,474911521003200,890037909,16665900
26930,474911521003200,890037909,16685100
26930,474911521003200,890037909,16645100
26930,474911521003200,890037909,16754700
26930,474911521003200,890037909,16630100
26930,474911521003200,890037909,16701700
26930,474911521003200,890037909,16696900
26930,474911521003200,890037909,16592400
26930,474911521003200,890037909,16667700
26930,474911521003200,890037909,16745500
26930,474911521003200,890037909,16606000
26930,474911521003200,890037909,16600500
26930,474911521003200,890037909,16682300
26930,474911521003200,890037909,16689400
26930,474911521003200,890037909,16632500
26930,474911521003200,890037909,16689300
26930,474911521003200,890037909,16690300
26930,474911521003200,890037909,16725600
26930,474911521003200,890037909,16630200
26930,474911521003200,890037909,16716000
26930,474911521003200,890037909,16589800
26930,474911521003200,890037909,16692600
26930,474911521003200,890037909,16662700
26930,474911521003200,890037909,16662600
26930,474911521003200,890037909,16604700
26930,474911521003200,890037909,16744300
26940,474912020755100,890037909,16648700
26940,474912020755100,890037909,16641000
26940,474912020755100,890037909,16675900
26940,474912020755100,890037909,16640500
26940,474912020755100,890037909,16659800
26940,474912020755100,890037909,16733300
26940,474912020755100,890037909,16717200
26940,474912020755100,890037909,16613500
26940,474912020755100,890037909,16639000
26940,474912020755100,890037909,16708800
26940,474912020755100,890037909,16956400
26940,474912020755100,890037909,16344800
26940,474912020755100,890037909,16612200
26940,474912020755100,890037909,16732800
26940,474912020755100,890037909,16679000
26940,474912020755100,890037909,16625500
26940,474912020755100,890037909,16667900
26940,474912020755100,890037909,16676100
26940,474912020755100,890037909,16648700
26940,474912020755100,890037909,16711900
26940,474912020755100,890037909,16596900
26940,474912020755100,890037909,16709500
26940,474912020755100,890037909,16727500
26940,474912020755100,890037909,16628400
26940,474912020755100,890037909,16643700
26940,474912020755100,890037909,16687500
26940,474912020755100,890037909,16620800
26940,474912020755100,890037909,16697000
26940,474912020755100,890037909,16756400
26940,474912020755100,890037909,16595000
26950,474912520532000,890037909,16589900
26950,474912520532000,890037909,16721900
26950,474912520532000,890037909,16646400
26950,474912520532000,890037909,16642600
26950,474912520532000,890037909,16634500
26950,474912520532000,890037909,16723600
26950,474912520532000,890037909,16647100
26950,474912520532000,890037909,16677200
26950,474912520532000,890037909,16608400
26950,474912520532000,890037909,16778100
26950,474912520532000,890037909,16771500
26950,474912520532000,890037909,16586400
26950,474912520532000,890037909,16539800
26950,474912520532000,890037909,16670500
26950,474912520532000,890037909,16736300
26950,474912520532000,890037909,16670400
26950,474912520532000,890037909,16587000
26950,474912520532000,890037909,16715300
26950,474912520532000,890037909,16651300
26950,474912520532000,890037909,16693500
26950,474912520532000,890037909,16630100
26950,474912520532000,890037909,16729800
26950,474912520532000,890037909,16619300
26950,474912520532000,890037909,16720700
26950,474912520532000,890037909,16641000
26950,474912520532000,890037909,16657800
26950,474912520532000,890037909,16671000
26950,474912520532000,890037909,16642600
26950,474912520532000,890037909,16675600
26950,474912520532000,890037909,16684300
26960,474913020765600,890037909,16635800
26960,474913020765600,890037909,16729100
26960,474913020765600,890037909,16603200
26960,474913020765600,890037909,16647100
26960,474913020765600,890037909,16649900
26960,474913020765600,890037909,16689300
26960,474913020765600,890037909,16666100
26960,474913020765600,890037909,16687200
26960,474913020765600,890037909,16599600
26960,474913020765600,890037909,16696500
26960,474913020765600,890037909,16638700
26960,474913020765600,890037909,16783000
26960,474913020765600,890037909,16609600
26960,474913020765600,890037909,16702300
26960,474913020765600,890037909,16659500
26960,474913020765600,890037909,16697700
26960,474913020765600,890037909,16593100
26960,474913020765600,890037909,16718100
26960,474913020765600,890037909,16562900
26960,474913020765600,890037909,16532500
26960,474913020765600,890037909,16860200
26960,474913020765600,890037909,16739600
26960,474913020765600,890037909,16635200
26960,474913020765600,890037909,16658500
26960,474913020765600,890037909,16561800
26960,474913020765600,890037909,16781600
26960,474913020765600,890037909,16636800
26960,474913020765600,890037909,16737100
26960,474913020765600,890037909,16596500
26960,474913020765600,890037909,16694100
26970,474913520457900,890037909,16577200
26970,474913520457900,890037909,16712100
26970,474913520457900,890037909,16684000
26970,474913520457900,890037909,16615300
26970,474913520457900,890037909,16697700
26970,474913520457900,890037909,16642300
26970,474913520457900,890037909,16669200
26970,474913520457900,890037909,16668500
26970,474913520457900,890037909,16629200
26970,474913520457900,890037909,16731700
26970,474913520457900,890037909,16591700
26970,474913520457900,890037909,16732500
26970,474913520457900,890037909,16674700
26970,474913520457900,890037909,16647000
26970,474913520457900,890037909,16667300
26970,474913520457900,890037909,16678300
26970,474913520457900,890037909,16714400
26970,474913520457900,890037909,16663400
26970,474913520457900,890037909,16604000
26970,474913520457900,890037909,16732500
26970,474913520457900,890037909,16661000
26970,474913520457900,890037909,16624300
26970,474913520457900,890037909,16667200
26970,474913520457900,890037909,16699800
26970,474913520457900,890037909,16558100
26970,474913520457900,890037909,16815300
26970,474913520457900,890037909,16587500
26970,474913520457900,890037909,16655300
26970,474913520457900,890037909,16707500
26970,474913520457900,890037909,16662400
26980,474914020581700,890037909,16664600
26980,474914020581700,890037909,16624700
26980,474914020581700,890037909,16704700
26980,474914020581700,890037909,16660200
26980,474914020581700,890037909,16592700
26980,474914020581700,890037909,16697200
26980,474914020581700,890037909,16695700
26980,474914020581700,890037909,16665900
26980,474914020581700,890037909,16611400
26980,474914020581700,890037909,16690200
26980,474914020581700,890037909,16695600
26980,474914020581700,890037909,16615800
26980,474914020581700,890037909,16701000
26980,474914020581700,890037909,16672000
26980,474914020581700,890037909,16681300
26980,474914020581700,890037909,16719600
26980,474914020581700,890037909,16596000
26980,474914020581700,890037909,16710000
26980,474914020581700,890037909,16590200
26980,474914020581700,890037909,16740500
26980,474914020581700,890037909,16664400
26980,474914020581700,890037909,16606600
26980,474914020581700,890037909,16654900
26980,474914020581700,890037909,16634500
26980,474914020581700,890037909,16681200
26980,474914020581700,890037909,16722200
26980,474914020581700,890037909,16630700
26980,474914020581700,890037909,16734700
26980,474914020581700,890037909,16618400
26980,474914020581700,890037909,16666100
26990,474914520410800,890037909,16533400
26990,474914520410800,890037909,16806100
26990,474914520410800,890037909,16714000
26990,474914520410800,890037909,16649600
26990,474914520410800,890037909,16562700
26990,474914520410800,890037909,16743900
26990,474914520410800,890037909,16626800
26990,474914520410800,890037909,16696400
26990,474914520410800,890037909,16679100
26990,474914520410800,890037909,16711700
26990,474914520410800,890037909,16807900
26990,474914520410800,890037909,16442900
26990,474914520410800,890037909,16711300
26990,474914520410800,890037909,16684100
26990,474914520410800,890037909,16655400
26990,474914520410800,890037909,16678800
26990,474914520410800,890037909,16616600
26990,474914520410800,890037909,16667000
26990,474914520410800,890037909,16597400
26990,474914520410800,890037909,16695500
26990,474914520410800,890037909,16674900
26990,474914520410800,890037909,16675200
26990,474914520410800,890037909,16671900
26990,474914520410800,890037909,16616800
26990,474914520410800,890037909,16770400
26990,474914520410800,890037909,16682000
26990,474914520410800,890037909,16587400
26990,474914520410800,890037909,16760100
26990,474914520410800,890037909,16539800
26990,474914520410800,890037909,16756100
27000,474915020455400,890037909,16570500
27000,474915020455400,890037909,16746300
27000,474915020455400,890037909,16824900
27000,474915020455400,890037909,16424500
27000,474915020455400,890037909,16704400
27000,474915020455400,890037909,16622200
27000,474915020455400,890037909,16712400
27000,474915020455400,890037909,16694100
27000,474915020455400,890037909,16598700
27000,474915020455400,890037909,16713700
27000,474915020455400,890037909,16624300
27000,474915020455400,890037909,16763000
27000,474915020455400,890037909,16709400
27000,474915020455400,890037909,16555400
27000,474915020455400,890037909,16732900
27000,474915020455400,890037909,16582900
27000,474915020455400,890037909,16801300
27000,474915020455400,890037909,16559000
27000,474915020455400,890037909,16664400
27000,474915020455400,890037909,16703500
27000,474915020455400,890037909,16623000
27000,474915020455400,890037909,16694100
27000,474915020455400,890037909,16720900
27000,474915020455400,890037909,16612900
27000,474915020455400,890037909,16652500
27000,474915020455400,890037909,16705900
27000,474915020455400,890037909,16599800
27000,474915020455400,890037909,16747600
27000,474915020455400,890037909,16541200
27000,474915020455400,890037909,16786700
27010,474915520568400,890037909,16851800
27010,474915520568400,890037909,16308700
27010,474915520568400,890037909,16746700
27010,474915520568400,890037909,16681200
27010,474915520568400,890037909,16623200
27010,474915520568400,890037909,16743500
27010,474915520568400,890037909,16589100
27010,474915520568400,890037909,16748600
27010,474915520568400,890037909,16649200
27010,474915520568400,890037909,16695000
27010,474915520568400,890037909,16663800
27010,474915520568400,890037909,16657400
27010,474915520568400,890037909,16647300
27010,474915520568400,890037909,16706100
27010,474915520568400,890037909,16670000
27010,474915520568400,890037909,16681100
27010,474915520568400,890037909,16620500
27010,474915520568400,890037909,16665200
27010,474915520568400,890037909,16660500
27010,474915520568400,890037909,16702400
27010,474915520568400,890037909,16649400
27010,474915520568400,890037909,16658400
27010,474915520568400,890037909,16710800
27010,474915520568400,890037909,16661900
27010,474915520568400,890037909,16668700
27010,474915520568400,890037909,16657700
27010,474915520568400,890037909,16812800
27010,474915520568400,890037909,16470900
27010,474915520568400,890037909,16655600
27010,474915520568400,890037909,16677700
27020,474916020542900,890037909,16721000
27020,474916020542900,890037909,16605200
27020,474916020542900,890037909,16712600
27020,474916020542900,890037909,16656600
27020,474916020542900,890037909,16669800
27020,474916020542900,890037909,16613100
27020,474916020542900,890037909,16619100
27020,474916020542900,890037909,16783800
27020,474916020542900,890037909,16553500
27020,474916020542900,890037909,16710700
27020,474916020542900,890037909,16699800
27020,474916020542900,890037909,16671200
27020,474916020542900,890037909,16598000
27020,474916020542900,890037909,16671900
27020,474916020542900,890037909,16708500
27020,474916020542900,890037909,16666900
27020,474916020542900,890037909,16695300
27020,474916020542900,890037909,16609900
27020,474916020542900,890037909,16648200
27020,474916020542900,890037909,16681200
27020,474916020542900,890037909,16695400
27020,474916020542900,890037909,16592700
27020,474916020542900,890037909,16765300
27020,474916020542900,890037909,16595600
27020,474916020542900,890037909,16658400
27020,474916020542900,890037909,16686500
27020,474916020542900,890037909,16645200
27020,474916020542900,890037909,16695200
27020,474916020542900,890037909,16698500
27020,474916020542900,890037909,16644100
27030,474916520534700,890037909,16689500
27030,474916520534700,890037909,16559200
27030,474916520534700,890037909,16779900
27030,474916520534700,890037909,16827800
27030,474916520534700,890037909,16465800
27030,474916520534700,890037909,16511500
27030,474916520534700,890037909,16812900
27030,474916520534700,890037909,16734900
27030,474916520534700,890037909,16640000
27030,474916520534700,890037909,16680000
27030,474916520534700,890037909,16635700
27030,474916520534700,890037909,16615100
27030,474916520534700,890037909,16703300
27030,474916520534700,890037909,16677500
27030,474916520534700,890037909,16620900
27030,474916520534700,890037909,16700500
27030,474916520534700,890037909,16648300
27030,474916520534700,890037909,16711200
27030,474916520534700,890037909,16579700
27030,474916520534700,890037909,16707800
27030,474916520534700,890037909,16659500
27030,474916520534700,890037909,16672000
27030,474916520534700,890037909,16719000
27030,474916520534700,890037909,16614900
27030,474916520534700,890037909,16660200
27030,474916520534700,890037909,16715100
27030,474916520534700,890037909,16624200
27030,474916520534700,890037909,16562000
27030,474916520534700,890037909,16823000
27030,474916520534700,890037909,16711000
27040,474917020299600,890037909,16627800
27040,474917020299600,890037909,16642100
27040,474917020299600,890037909,16582700
27040,474917020299600,890037909,16689200
27040,474917020299600,890037909,16760900
27040,474917020299600,890037909,16657200
27040,474917020299600,890037909,16558100
27040,474917020299600,890037909,16751100
27040,474917020299600,890037909,16636900
27040,474917020299600,890037909,16668500
27040,474917020299600,890037909,16680900
27040,474917020299600,890037909,16668200
27040,474917020299600,890037909,16645300
27040,474917020299600,890037909,16641200
27040,474917020299600,890037909,16716000
27040,474917020299600,890037909,16759600
27040,474917020299600,890037909,16533700
27040,474917020299600,890037909,16731900
27040,474917020299600,890037909,16633900
27040,474917020299600,890037909,16498900
27040,474917020299600,890037909,16848000
27040,474917020299600,890037909,16640800
27040,474917020299600,890037909,16664800
27040,474917020299600,890037909,16658100
27040,474917020299600,890037909,16639600
27040,474917020299600,890037909,16715900
27040,474917020299600,890037909,16589900
27040,474917020299600,890037909,16834600
27040,474917020299600,890037909,16640700
27040,474917020299600,890037909,16419200
27050,474917520193500,890037909,16789100
27050,474917520193500,890037909,16677600
27050,474917520193500,890037909,16645600
27050,474917520193500,890037909,16693700
27050,474917520193500,890037909,16666400
27050,474917520193500,890037909,16669700
27050,474917520193500,890037909,16678600
27050,474917520193500,890037909,16662600
27050,474917520193500,890037909,16688500
27050,474917520193500,890037909,16781800
27050,474917520193500,890037909,16723300
27050,474917520193500,890037909,16500500
27050,474917520193500,890037909,16673500
27050,474917520193500,890037909,16671000
27050,474917520193500,890037909,16568800
27050,474917520193500,890037909,16690000
27050,474917520193500,890037909,16724600
27050,474917520193500,890037909,16667000
27050,474917520193500,890037909,16608600
27050,474917520193500,890037909,16798800
27050,474917520193500,890037909,16570200
27050,474917520193500,890037909,16710100
27050,474917520193500,890037909,16644100
27050,474917520193500,890037909,16623900
27050,474917520193500,890037909,17217400
27050,474917520193500,890037909,16167400
27050,474917520193500,890037909,16442400
27050,474917520193500,890037909,16837600
27050,474917520193500,890037909,16662900
27050,474917520193500,890037909,16577500
27060,474918020336700,890037909,16791100
27060,474918020336700,890037909,16662200
27060,474918020336700,890037909,16629000
27060,474918020336700,890037909,16651900
27060,474918020336700,890037909,16770300
27060,474918020336700,890037909,16588500
27060,474918020336700,890037909,16678800
27060,474918020336700,890037909,16649500
27060,474918020336700,890037909,16744400
27060,474918020336700,890037909,16553000
27060,474918020336700,890037909,16718000
27060,474918020336700,890037909,16662000
27060,474918020336700,890037909,16603400
27060,474918020336700,890037909,16715600
27060,474918020336700,890037909,16689900
27060,474918020336700,890037909,16708400
27060,474918020336700,890037909,16652900
27060,474918020336700,890037909,16585300
27060,474918020336700,890037909,16740300
27060,474918020336700,890037909,16672600
27060,474918020336700,890037909,16652100
27060,474918020336700,890037909,16600100
27060,474918020336700,890037909,16699300
27060,474918020336700,890037909,16583500
27060,474918020336700,890037909,16694800
27060,474918020336700,890037909,16731500
27060,474918020336700,890037909,16639200
27060,474918020336700,890037909,16724300
27060,474918020336700,890037909,16595500
27060,474918020336700,890037909,16729000
27070,474918520623000,890037909,16658200
27070,474918520623000,890037909,16735200
27070,474918520623000,890037909,16616300
27070,474918520623000,890037909,16651200
27070,474918520623000,890037909,16625900
27070,474918520623000,890037909,16757400
27070,474918520623000,890037909,16625700
27070,474918520623000,890037909,16686600
27070,474918520623000,890037909,16638900
27070,474918520623000,890037909,16661300
27070,474918520623000,890037909,16680900
27070,474918520623000,890037909,16629100
27070,474918520623000,890037909,16667900
27070,474918520623000,890037909,16606700
27070,474918520623000,890037909,16682300
27070,474918520623000,890037909,16676600
27070,474918520623000,890037909,16712400
27070,474918520623000,890037909,16657200
27070,474918520623000,890037909,16595700
27070,474918520623000,890037909,16779500
27070,474918520623000,890037909,16626000
27070,474918520623000,890037909,16664800
27070,474918520623000,890037909,16608700
27070,474918520623000,890037909,16750100
27070,474918520623000,890037909,16567700
27070,474918520623000,890037909,16783000
27070,474918520623000,890037909,16611400
27070,474918520623000,890037909,16657800
27070,474918520623000,890037909,16615400
27070,474918520623000,890037909,16744700
27080,474919020836800,890037909,16684300
27080,474919020836800,890037909,16591400
27080,474919020836800,890037909,16679000
27080,474919020836800,890037909,16724200
27080,474919020836800,890037909,16669900
27080,474919020836800,890037909,16659900
27080,474919020836800,890037909,16693100
27080,474919020836800,890037909,16573500
27080,474919020836800,890037909,16708900
27080,474919020836800,890037909,16661100
27080,474919020836800,890037909,16701800
27080,474919020836800,890037909,16652900
27080,474919020836800,890037909,16603400
27080,474919020836800,890037909,16741600
27080,474919020836800,890037909,16653600
27080,474919020836800,890037909,16647400
27080,474919020836800,890037909,16731400
27080,474919020836800,890037909,16635900
27080,474919020836800,890037909,16613100
27080,474919020836800,890037909,16621700
27080,474919020836800,890037909,16661300
27080,474919020836800,890037909,16797400
27080,474919020836800,890037909,16595000
27080,474919020836800,890037909,16668300
27080,474919020836800,890037909,16652700
27080,474919020836800,890037909,16708600
27080,474919020836800,890037909,16569900
27080,474919020836800,890037909,16744000
27080,474919020836800,890037909,16728900
27080,474919020836800,890037909,16631600
27090,474919520222300,890037909,16868100
27090,474919520222300,890037909,16379200
27090,474919520222300,890037909,16646100
27090,474919520222300,890037909,16732800
27090,474919520222300,890037909,16615200
27090,474919520222300,890037909,16721600
27090,474919520222300,890037909,16587900
27090,474919520222300,890037909,16717500
27090,474919520222300,890037909,16623300
27090,474919520222300,890037909,16772300
27090,474919520222300,890037909,16641400
27090,474919520222300,890037909,16653600
27090,474919520222300,890037909,16682400
27090,474919520222300,890037909,16710500
27090,474919520222300,890037909,16575600
27090,474919520222300,890037909,16722900
27090,474919520222300,890037909,16668200
27090,474919520222300,890037909,16633800
27090,474919520222300,890037909,16707500
27090,474919520222300,890037909,16605600
27090,474919520222300,890037909,16709300
27090,474919520222300,890037909,16635500
27090,474919520222300,890037909,16720400
27090,474919520222300,890037909,16644400
27090,474919520222300,890037909,16652900
27090,474919520222300,890037909,16671200
27090,474919520222300,890037909,16638800
27090,474919520222300,890037909,16640500
27090,474919520222300,890037909,16679900
27090,474919520222300,890037909,16682600
27100,474920020346800,890037909,16636500
27100,474920020346800,890037909,16700100
27100,474920020346800,890037909,16661500
27100,474920020346800,890037909,16637100
27100,474920020346800,890037909,16706600
27100,474920020346800,890037909,16651800
27100,474920020346800,890037909,17097200
27100,474920020346800,890037909,16269100
27100,474920020346800,890037909,16640200
27100,474920020346800,890037909,16632700
27100,474920020346800,890037909,16705300
27100,474920020346800,890037909,16718800
27100,474920020346800,890037909,16532200
27100,474920020346800,890037909,16676500
27100,474920020346800,890037909,16656100
27100,474920020346800,890037909,16671000
27100,474920020346800,890037909,16747100
27100,474920020346800,890037909,16687800
27100,474920020346800,890037909,16558400
27100,474920020346800,890037909,16777200
27100,474920020346800,890037909,16579800
27100,474920020346800,890037909,16701600
27100,474920020346800,890037909,16698300
27100,474920020346800,890037909,16631600
27100,474920020346800,890037909,16624600
27100,474920020346800,890037909,16764100
27100,474920020346800,890037909,16549200
27100,474920020346800,890037909,16772000
27100,474920020346800,890037909,16649100
27100,474920020346800,890037909,16654500
27110,474920520252300,890037909,16669800
27110,474920520252300,890037909,16624100
27110,474920520252300,890037909,16639600
27110,474920520252300,890037909,16756100
27110,474920520252300,890037909,16590000
27110,474920520252300,890037909,16713500
27110,474920520252300,890037909,16641300
27110,474920520252300,890037909,16702000
27110,474920520252300,890037909,16657100
27110,474920520252300,890037909,16904900
27110,474920520252300,890037909,16384900
27110,474920520252300,890037909,16717000
27110,474920520252300,890037909,16581000
27110,474920520252300,890037909,16785200
27110,474920520252300,890037909,16612700
27110,474920520252300,890037909,16648600
27110,474920520252300,890037909,16681400
27110,474920520252300,890037909,16677300
27110,474920520252300,890037909,16661100
27110,474920520252300,890037909,16719100
27110,474920520252300,890037909,16628800
27110,474920520252300,890037909,16643200
27110,474920520252300,890037909,16682300
27110,474920520252300,890037909,16646700
27110,474920520252300,890037909,16685300
27110,474920520252300,890037909,16927500
27110,474920520252300,890037909,16422100
27110,474920520252300,890037909,16676900
27110,474920520252300,890037909,16649400
27110,474920520252300,890037909,16680400
27120,474921020332100,890037909,16567600
27120,474921020332100,890037909,16693700
27120,474921020332100,890037909,16751000
27120,474921020332100,890037909,16635900
27120,474921020332100,890037909,16582000
27120,474921020332100,890037909,16759000
27120,474921020332100,890037909,16617300
27120,474921020332100,890037909,16688600
27120,474921020332100,890037909,16602000
27120,474921020332100,890037909,16762600
27120,474921020332100,890037909,16629800
27120,474921020332100,890037909,16664000
27120,474921020332100,890037909,16610900
27120,474921020332100,890037909,16730700
27120,474921020332100,890037909,16592300
27120,474921020332100,890037909,16757000
27120,474921020332100,890037909,16664600
27120,474921020332100,890037909,16658000
27120,474921020332100,890037909,16694400
27120,474921020332100,890037909,16586200
27120,474921020332100,890037909,16741400
27120,474921020332100,890037909,16671100
27120,474921020332100,890037909,16722300
27120,474921020332100,890037909,16564400
27120,474921020332100,890037909,16722800
27120,474921020332100,890037909,16629500
27120,474921020332100,890037909,16638900
27120,474921020332100,890037909,16706800
27120,474921020332100,890037909,16661300
27120,474921020332100,890037909,16651600
27130,474921521536800,890037909,16588200
27130,474921521536800,890037909,16706000
27130,474921521536800,890037909,16695000
27130,474921521536800,890037909,16660600
27130,474921521536800,890037909,16715600
27130,474921521536800,890037909,16617200
27130,474921521536800,890037909,16704600
27130,474921521536800,890037909,16690700
27130,474921521536800,890037909,16558700
27130,474921521536800,890037909,16681800
27130,474921521536800,890037909,16669700
27130,474921521536800,890037909,16658300
27130,474921521536800,890037909,16680900
27130,474921521536800,890037909,16635400
27130,474921521536800,890037909,16683800
27130,474921521536800,890037909,16697300
27130,474921521536800,890037909,16701500
27130,474921521536800,890037909,16628600
27130,474921521536800,890037909,16667900
27130,474921521536800,890037909,16707100
27130,474921521536800,890037909,16551400
27130,474921521536800,890037909,16761700
27130,474921521536800,890037909,16686000
27130,474921521536800,890037909,16578900
27130,474921521536800,890037909,16687900
27130,474921521536800,890037909,16722900
27130,474921521536800,890037909,16609700
27130,474921521536800,890037909,17010000
27130,474921521536800,890037909,16383800
27130,474921521536800,890037909,17136400
27140,474922020319600,890037909,16135000
27140,474922020319600,890037909,16654200
27140,474922020319600,890037909,16679200
27140,474922020319600,890037909,16710300
27140,474922020319600,890037909,16612100
27140,474922020319600,890037909,16668000
27140,474922020319600,890037909,16642800
27140,474922020319600,890037909,16727500
27140,474922020319600,890037909,16585300
27140,474922020319600,890037909,16742900
27140,474922020319600,890037909,16473200
27140,474922020319600,890037909,16848400
27140,474922020319600,890037909,16681300
27140,474922020319600,890037909,16652800
27140,474922020319600,890037909,16652900
27140,474922020319600,890037909,16698000
27140,474922020319600,890037909,16663700
27140,474922020319600,890037909,16657900
27140,474922020319600,890037909,16692600
27140,474922020319600,890037909,16660600
27140,474922020319600,890037909,16639900
27140,474922020319600,890037909,16719000
27140,474922020319600,890037909,16667500
27140,474922020319600,890037909,16559200
27140,474922020319600,890037909,16831700
27140,474922020319600,890037909,16629500
27140,474922020319600,890037909,16582800
27140,474922020319600,890037909,16680300
27140,474922020319600,890037909,16680700
27140,474922020319600,890037909,16643400
27150,474922520270500,890037909,16675000
27150,474922520270500,890037909,16607500
27150,474922520270500,890037909,16740100
27150,474922520270500,890037909,16643500
27150,474922520270500,890037909,16652300
27150,474922520270500,890037909,16662100
27150,474922520270500,890037909,16629300
27150,474922520270500,890037909,16678500
27150,474922520270500,890037909,16854000
27150,474922520270500,890037909,16535600
27150,474922520270500,890037909,16626600
27150,474922520270500,890037909,16740300
27150,474922520270500,890037909,16592200
27150,474922520270500,890037909,16814700
27150,474922520270500,890037909,16604700
27150,474922520270500,890037909,16618400
27150,474922520270500,890037909,16582100
27150,474922520270500,890037909,16725000
27150,474922520270500,890037909,16609200
27150,474922520270500,890037909,16759300
27150,474922520270500,890037909,16618700
27150,474922520270500,890037909,16650500
27150,474922520270500,890037909,16718600
27150,474922520270500,890037909,16642500
27150,474922520270500,890037909,16627800
27150,474922520270500,890037909,16722200
27150,474922520270500,890037909,16669500
27150,474922520270500,890037909,16709100
27150,474922520270500,890037909,16616800
27150,474922520270500,890037909,16713400
27160,474923020754600,890037909,16666200
27160,474923020754600,890037909,16560100
27160,474923020754600,890037909,16701200
27160,474923020754600,890037909,16609700
27160,474923020754600,890037909,16680100
27160,474923020754600,890037909,16708900
27160,474923020754600,890037909,16621300
27160,474923020754600,890037909,16674100
27160,474923020754600,890037909,16656100
27160,474923020754600,890037909,16666500
27160,474923020754600,890037909,16669600
27160,474923020754600,890037909,16661100
27160,474923020754600,890037909,16690700
27160,474923020754600,890037909,16696500
27160,474923020754600,890037909,16614200
27160,474923020754600,890037909,16678800
27160,474923020754600,890037909,16690300
27160,474923020754600,890037909,16633700
27160,474923020754600,890037909,16666100
27160,474923020754600,890037909,16672400
27160,474923020754600,890037909,16701600
27160,474923020754600,890037909,16669000
27160,474923020754600,890037909,16630000
27160,474923020754600,890037909,16658100
27160,474923020754600,890037909,16749000
27160,474923020754600,890037909,16577400
27160,474923020754600,890037909,16706500
27160,474923020754600,890037909,16643800
27160,474923020754600,890037909,16696000
27160,474923020754600,890037909,16663600
27170,474923520092400,890037909,16660200
27170,474923520092400,890037909,16677700
27170,474923520092400,890037909,16771800
27170,474923520092400,890037909,16551100
27170,474923520092400,890037909,16639700
27170,474923520092400,890037909,16656500
27170,474923520092400,890037909,16685900
27170,474923520092400,890037909,16691300
27170,474923520092400,890037909,16623900
27170,474923520092400,890037909,16778000
27170,474923520092400,890037909,16590400
27170,474923520092400,890037909,16626200
27170,474923520092400,890037909,16779500
27170,474923520092400,890037909,16603400
27170,474923520092400,890037909,16527900
27170,474923520092400,890037909,16765200
27170,474923520092400,890037909,16632800
27170,474923520092400,890037909,16678200
27170,474923520092400,890037909,16677600
27170,474923520092400,890037909,16749400
27170,474923520092400,890037909,16406000
27170,474923520092400,890037909,16862200
27170,474923520092400,890037909,16770400
27170,474923520092400,890037909,16869200
27170,474923520092400,890037909,16654600
27170,474923520092400,890037909,16218200
27170,474923520092400,890037909,16787300
27170,474923520092400,890037909,16726600
27170,474923520092400,890037909,16657900
27170,474923520092400,890037909,16677700
27180,474924020583700,890037909,16638500
27180,474924020583700,890037909,16643300
27180,474924020583700,890037909,16692400
27180,474924020583700,890037909,16649000
27180,474924020583700,890037909,16656100
27180,474924020583700,890037909,16660200
27180,474924020583700,890037909,16683600
27180,474924020583700,890037909,16657000
27180,474924020583700,890037909,16653100
27180,474924020583700,890037909,16719200
27180,474924020583700,890037909,16662200
27180,474924020583700,890037909,16652000
27180,474924020583700,890037909,16605400
27180,474924020583700,890037909,16783300
27180,474924020583700,890037909,16603800
27180,474924020583700,890037909,16677400
27180,474924020583700,890037909,16706400
27180,474924020583700,890037909,16668300
27180,474924020583700,890037909,16671000
27180,474924020583700,890037909,16659400
27180,474924020583700,890037909,16627400
27180,474924020583700,890037909,16640100
27180,474924020583700,890037909,16673800
27180,474924020583700,890037909,16639700
27180,474924020583700,890037909,16636900
27180,474924020583700,890037909,16736400
27180,474924020583700,890037909,16627200
27180,474924020583700,890037909,16727100
27180,474924020583700,890037909,16658300
27180,474924020583700,890037909,16680500
27190,474924520115800,890037909,16635800
27190,474924520115800,890037909,16699700
27190,474924520115800,890037909,16633500
27190,474924520115800,890037909,16771500
27190,474924520115800,890037909,16539700
27190,474924520115800,890037909,16665600
27190,474924520115800,890037909,16644600
27190,474924520115800,890037909,16716500
27190,474924520115800,890037909,16627200
27190,474924520115800,890037909,16714100
27190,474924520115800,890037909,16658400
27190,474924520115800,890037909,16653900
27190,474924520115800,890037909,16630600
27190,474924520115800,890037909,16735200
27190,474924520115800,890037909,16635300
27190,474924520115800,890037909,16755100
27190,474924520115800,890037909,16567900
27190,474924520115800,890037909,16677400
27190,474924520115800,890037909,16696600
27190,474924520115800,890037909,16684100
27190,474924520115800,890037909,16552800
27190,474924520115800,890037909,16764500
27190,474924520115800,890037909,16653100
27190,474924520115800,890037909,16627700
27190,474924520115800,890037909,16609300
27190,474924520115800,890037909,16775000
27190,474924520115800,890037909,16699400
27190,474924520115800,890037909,16516600
27190,474924520115800,890037909,16750000
27190,474924520115800,890037909,16679300
27200,474925020074700,890037909,16690400
27200,474925020074700,890037909,16630400
27200,474925020074700,890037909,16673600
27200,474925020074700,890037909,16682500
27200,474925020074700,890037909,16639600
27200,474925020074700,890037909,16602600
27200,474925020074700,890037909,16738300
27200,474925020074700,890037909,16699200
27200,474925020074700,890037909,16626500
27200,474925020074700,890037909,16677200
27200,474925020074700,890037909,16639000
27200,474925020074700,890037909,16600900
27200,474925020074700,890037909,16672100
27200,474925020074700,890037909,16761700
27200,474925020074700,890037909,16638800
27200,474925020074700,890037909,16657000
27200,474925020074700,890037909,16707100
27200,474925020074700,890037909,16642100
27200,474925020074700,890037909,16697700
27200,474925020074700,890037909,16432900
27200,474925020074700,890037909,16852900
27200,474925020074700,890037909,16620900
27200,474925020074700,890037909,16689700
27200,474925020074700,890037909,16627700
27200,474925020074700,890037909,16770400
27200,474925020074700,890037909,16633000
27200,474925020074700,890037909,16696400
27200,474925020074700,890037909,16685300
27200,474925020074700,890037909,16621500
27200,474925020074700,890037909,16665600
27210,474925520121400,890037909,16666800
27210,474925520121400,890037909,16698700
27210,474925520121400,890037909,16637100
27210,474925520121400,890037909,16659700
27210,474925520121400,890037909,16666300
27210,474925520121400,890037909,16627200
27210,474925520121400,890037909,16715300
27210,474925520121400,890037909,16652700
27210,474925520121400,890037909,16593400
27210,474925520121400,890037909,16791500
27210,474925520121400,890037909,16657900
27210,474925520121400,890037909,16611300
27210,474925520121400,890037909,16673700
27210,474925520121400,890037909,16698000
27210,474925520121400,890037909,16564800
27210,474925520121400,890037909,16681900
27210,474925520121400,890037909,16649800
27210,474925520121400,890037909,16719800
27210,474925520121400,890037909,16604600
27210,474925520121400,890037909,16712500
27210,474925520121400,890037909,16626400
27210,474925520121400,890037909,16789300
27210,474925520121400,890037909,16669600
27210,474925520121400,890037909,16543100
27210,474925520121400,890037909,16662300
27210,474925520121400,890037909,16827500
27210,474925520121400,890037909,16623700
27210,474925520121400,890037909,16718600
27210,474925520121400,890037909,16576800
27210,474925520121400,890037909,16578300
27220,474926020567100,890037909,16706000
27220,474926020567100,890037909,16667900
27220,474926020567100,890037909,16683700
27220,474926020567100,890037909,16642400
27220,474926020567100,890037909,16640800
27220,474926020567100,890037909,16656400
27220,474926020567100,890037909,16668800
27220,474926020567100,890037909,16720800
27220,474926020567100,890037909,16630300
27220,474926020567100,890037909,16645900
27220,474926020567100,890037909,16703700
27220,474926020567100,890037909,16639600
27220,474926020567100,890037909,16650600
27220,474926020567100,890037909,16755600
27220,474926020567100,890037909,16583500
27220,474926020567100,890037909,16686600
27220,474926020567100,890037909,16681000
27220,474926020567100,890037909,16636200
27220,474926020567100,890037909,16661600
27220,474926020567100,890037909,16762800
27220,474926020567100,890037909,16564200
27220,474926020567100,890037909,16744100
27220,474926020567100,890037909,16667300
27220,474926020567100,890037909,16592000
27220,474926020567100,890037909,16681000
27220,474926020567100,890037909,16674400
27220,474926020567100,890037909,16642900
27220,474926020567100,890037909,16731600
27220,474926020567100,890037909,16637000
27220,474926020567100,890037909,16620200
27230,474926519999900,890037909,16734500
27230,474926519999900,890037909,16623600
27230,474926519999900,890037909,16686500
27230,474926519999900,890037909,16621800
27230,474926519999900,890037909,16697700
27230,474926519999900,890037909,16666600
27230,474926519999900,890037909,16630400
27230,474926519999900,890037909,16723100
27230,474926519999900,890037909,16668500
27230,474926519999900,890037909,16616200
27230,474926519999900,890037909,16674300
27230,474926519999900,890037909,16696000
27230,474926519999900,890037909,16638600
27230,474926519999900,890037909,16684800
27230,474926519999900,890037909,16630300
27230,474926519999900,890037909,16692300
27230,474926519999900,890037909,16714900
27230,474926519999900,890037909,16600000
27230,474926519999900,890037909,16681300
27230,474926519999900,890037909,16662500
27230,474926519999900,890037909,16683800
27230,474926519999900,890037909,16636000
27230,474926519999900,890037909,16669000
27230,474926519999900,890037909,16659300
27230,474926519999900,890037909,16676000
27230,474926519999900,890037909,16696700
27230,474926519999900,890037909,16688800
27230,474926519999900,890037909,16634500
27230,474926519999900,890037909,16636700
27230,474926519999900,890037909,16667900
27240,474927020057600,890037909,16715600
27240,474927020057600,890037909,16704800
27240,474927020057600,890037909,16568400
27240,474927020057600,890037909,16673200
27240,474927020057600,890037909,16731400
27240,474927020057600,890037909,16630400
27240,474927020057600,890037909,16627100
27240,474927020057600,890037909,16702300
27240,474927020057600,890037909,16627800
27240,474927020057600,890037909,16719200
27240,474927020057600,890037909,16479400
27240,474927020057600,890037909,16810200
27240,474927020057600,890037909,16661500
27240,474927020057600,890037909,16694800
27240,474927020057600,890037909,16636200
27240,474927020057600,890037909,16667900
27240,474927020057600,890037909,16741100
27240,474927020057600,890037909,16588200
27240,474927020057600,890037909,16749900
27240,474927020057600,890037909,16599400
27240,474927020057600,890037909,16650300
27240,474927020057600,890037909,16672800
27240,474927020057600,890037909,16699000
27240,474927020057600,890037909,16658500
27240,474927020057600,890037909,16650600
27240,474927020057600,890037909,16723600
27240,474927020057600,890037909,16618500
27240,474927020057600,890037909,16662800
27240,474927020057600,890037909,16693700
27240,474927020057600,890037909,16621500
27250,474927520556600,890037909,16653600
27250,474927520556600,890037909,16773200
27250,474927520556600,890037909,16652000
27250,474927520556600,890037909,16609100
27250,474927520556600,890037909,16672200
27250,474927520556600,890037909,16690700
27250,474927520556600,890037909,16453200
27250,474927520556600,890037909,16829700
27250,474927520556600,890037909,16674400
27250,474927520556600,890037909,16706800
27250,474927520556600,890037909,16612400
27250,474927520556600,890037909,16699100
27250,474927520556600,890037909,16654800
27250,474927520556600,890037909,16635700
27250,474927520556600,890037909,16669700
27250,474927520556600,890037909,16690400
27250,474927520556600,890037909,16646300
27250,474927520556600,890037909,16655900
27250,474927520556600,890037909,16738400
27250,474927520556600,890037909,16698200
27250,474927520556600,890037909,16740900
27250,474927520556600,890037909,16553600
27250,474927520556600,890037909,16649600
27250,474927520556600,890037909,16661000
27250,474927520556600,890037909,16709700
27250,474927520556600,890037909,16581800
27250,474927520556600,890037909,16724000
27250,474927520556600,890037909,16939900
27250,474927520556600,890037909,16243200
27250,474927520556600,890037909,16758000
27260,474928019936800,890037909,16717300
27260,474928019936800,890037909,16633300
27260,474928019936800,890037909,16674400
27260,474928019936800,890037909,16666400
27260,474928019936800,890037909,16639500
27260,474928019936800,890037909,16666000
27260,474928019936800,890037909,16692400
27260,474928019936800,890037909,16680500
27260,474928019936800,890037909,16617000
27260,474928019936800,890037909,16761200
27260,474928019936800,890037909,16645300
27260,474928019936800,890037909,16605000
27260,474928019936800,890037909,16675000
27260,474928019936800,890037909,16679400
27260,474928019936800,890037909,16625800
27260,474928019936800,890037909,16692600
27260,474928019936800,890037909,16653000
27260,474928019936800,890037909,16654100
27260,474928019936800,890037909,16709200
27260,474928019936800,890037909,16673200
27260,474928019936800,890037909,16683500
27260,474928019936800,890037909,16744900
27260,474928019936800,890037909,16610800
27260,474928019936800,890037909,16578400
27260,474928019936800,890037909,16663500
27260,474928019936800,890037909,16702700
27260,474928019936800,890037909,16718200
27260,474928019936800,890037909,16607600
27260,474928019936800,890037909,16689900
27260,474928019936800,890037909,16630900
27270,474928520063000,890037909,16662200
27270,474928520063000,890037909,16698700
27270,474928520063000,890037909,16805400
27270,474928520063000,890037909,16544700
27270,474928520063000,890037909,16603700
27270,474928520063000,890037909,16734400
27270,474928520063000,890037909,16594200
27270,474928520063000,890037909,16536300
27270,474928520063000,890037909,16833800
27270,474928520063000,890037909,16678300
27270,474928520063000,890037909,16667200
27270,474928520063000,890037909,16622400
27270,474928520063000,890037909,16663300
27270,474928520063000,890037909,16734000
27270,474928520063000,890037909,16670500
27270,474928520063000,890037909,16604800
27270,474928520063000,890037909,16679400
27270,474928520063000,890037909,16632400
27270,474928520063000,890037909,16662300
27270,474928520063000,890037909,16781000
27270,474928520063000,890037909,16564800
27270,474928520063000,890037909,16661800
27270,474928520063000,890037909,16711800
27270,474928520063000,890037909,16624700
27270,474928520063000,890037909,16711900
27270,474928520063000,890037909,16631700
27270,474928520063000,890037909,16731500
27270,474928520063000,890037909,16586300
27270,474928520063000,890037909,16665100
27270,474928520063000,890037909,16668600
27280,474929020414300,890037909,16750300
27280,474929020414300,890037909,16603700
27280,474929020414300,890037909,16577300
27280,474929020414300,890037909,16730600
27280,474929020414300,890037909,16696700
27280,474929020414300,890037909,16636700
27280,474929020414300,890037909,16685700
27280,474929020414300,890037909,16677000
27280,474929020414300,890037909,16699200
27280,474929020414300,890037909,16648100
27280,474929020414300,890037909,16622400
27280,474929020414300,890037909,16671300
27280,474929020414300,890037909,16736400
27280,474929020414300,890037909,16885700
27280,474929020414300,890037909,16435900
27280,474929020414300,890037909,16615400
27280,474929020414300,890037909,16668400
27280,474929020414300,890037909,16648900
27280,474929020414300,890037909,16677900
27280,474929020414300,890037909,16638000
27280,474929020414300,890037909,16681200
27280,474929020414300,890037909,16673700
27280,474929020414300,890037909,16695200
27280,474929020414300,890037909,16619500
27280,474929020414300,890037909,16681900
27280,474929020414300,890037909,16704800
27280,474929020414300,890037909,16618200
27280,474929020414300,890037909,16680200
27280,474929020414300,890037909,16720900
27280,474929020414300,890037909,16605200
27290,474929519699600,890037909,16657100
27290,474929519699600,890037909,16712600
27290,474929519699600,890037909,16616400
27290,474929519699600,890037909,16675000
27290,474929519699600,890037909,16688800
27290,474929519699600,890037909,16640600
27290,474929519699600,890037909,16687000
27290,474929519699600,890037909,16641000
27290,474929519699600,890037909,16712800
27290,474929519699600,890037909,16648400
27290,474929519699600,890037909,16651600
27290,474929519699600,890037909,16666000
27290,474929519699600,890037909,16678400
27290,474929519699600,890037909,16679700
27290,474929519699600,890037909,16645700
27290,474929519699600,890037909,16696800
27290,474929519699600,890037909,16616200
27290,474929519699600,890037909,16662500
27290,474929519699600,890037909,16693600
27290,474929519699600,890037909,16721700
27290,474929519699600,890037909,16653700
27290,474929519699600,890037909,16773500
27290,474929519699600,890037909,16582200
27290,474929519699600,890037909,16570000
27290,474929519699600,890037909,16667000
27290,474929519699600,890037909,16704000
27290,474929519699600,890037909,16634700
27290,474929519699600,890037909,16689400
27290,474929519699600,890037909,16710300
27290,474929519699600,890037909,16442200
27300,474930020448000,890037909,16882800
27300,474930020448000,890037909,16661200
27300,474930020448000,890037909,16673200
27300,474930020448000,890037909,16602000
27300,474930020448000,890037909,16669100
27300,474930020448000,890037909,16667900
27300,474930020448000,890037909,16653200
27300,474930020448000,890037909,16705300
27300,474930020448000,890037909,16627000
27300,474930020448000,890037909,16689700
27300,474930020448000,890037909,16649600
27300,474930020448000,890037909,16797500
27300,474930020448000,890037909,16548400
27300,474930020448000,890037909,16673600
27300,474930020448000,890037909,16637500
27300,474930020448000,890037909,16739500
27300,474930020448000,890037909,16603200
27300,474930020448000,890037909,16708300
27300,474930020448000,890037909,16643500
27300,474930020448000,890037909,16646400
27300,474930020448000,890037909,16720500
27300,474930020448000,890037909,16638200
27300,474930020448000,890037909,16733400
27300,474930020448000,890037909,16558500
27300,474930020448000,890037909,16711000
27300,474930020448000,890037909,16629100
27300,474930020448000,890037909,16657100
27300,474930020448000,890037909,16691000
27300,474930020448000,890037909,16688200
27300,474930020448000,890037909,16656600
27310,474930519822800,890037909,16625200
27310,474930519822800,890037909,16708000
27310,474930519822800,890037909,16675200
27310,474930519822800,890037909,16638800
27310,474930519822800,890037909,16681100
27310,474930519822800,890037909,16637600
27310,474930519822800,890037909,16683400
27310,474930519822800,890037909,16666400
27310,474930519822800,890037909,16592700
27310,474930519822800,890037909,16753400
27310,474930519822800,890037909,16772800
27310,474930519822800,890037909,16590700
27310,474930519822800,890037909,16597900
27310,474930519822800,890037909,16769600
27310,474930519822800,890037909,16557100
27310,474930519822800,890037909,16677300
27310,474930519822800,890037909,16692200
27310,474930519822800,890037909,16638000
27310,474930519822800,890037909,16663900
27310,474930519822800,890037909,16740400
27310,474930519822800,890037909,16607300
27310,474930519822800,890037909,16653600
27310,474930519822800,890037909,16686100
27310,474930519822800,890037909,16636100
27310,474930519822800,890037909,16707700
27310,474930519822800,890037909,16657000
27310,474930519822800,890037909,16677900
27310,474930519822800,890037909,16653100
27310,474930519822800,890037909,16645400
27310,474930519822800,890037909,16662900
27320,474931020016900,890037909,16662700
27320,474931020016900,890037909,16708200
27320,474931020016900,890037909,16629500
27320,474931020016900,890037909,16667200
27320,474931020016900,890037909,16674600
27320,474931020016900,890037909,16655200
27320,474931020016900,890037909,16661700
27320,474931020016900,890037909,16761400
27320,474931020016900,890037909,16646500
27320,474931020016900,890037909,16635500
27320,474931020016900,890037909,16627300
27320,474931020016900,890037909,16673000
27320,474931020016900,890037909,16712900
27320,474931020016900,890037909,16633500
27320,474931020016900,890037909,16703200
27320,474931020016900,890037909,16691300
27320,474931020016900,890037909,16578500
27320,474931020016900,890037909,16664100
27320,474931020016900,890037909,16676100
27320,474931020016900,890037909,16782100
27320,474931020016900,890037909,16645300
27320,474931020016900,890037909,16575100
27320,474931020016900,890037909,16674100
27320,474931020016900,890037909,16649100
27320,474931020016900,890037909,16660300
27320,474931020016900,890037909,16680100
27320,474931020016900,890037909,16650200
27320,474931020016900,890037909,16667400
27320,474931020016900,890037909,16720300
27320,474931020016900,890037909,16658900
27330,474931520072700,890037909,16620700
27330,474931520072700,890037909,16718700
27330,474931520072700,890037909,16671900
27330,474931520072700,890037909,16657100
27330,474931520072700,890037909,16631600
27330,474931520072700,890037909,16648700
27330,474931520072700,890037909,16667500
27330,474931520072700,890037909,16708300
27330,474931520072700,890037909,16640000
27330,474931520072700,890037909,16735700
27330,474931520072700,890037909,16633800
27330,474931520072700,890037909,16628100
27330,474931520072700,890037909,16684200
27330,474931520072700,890037909,16639300
27330,474931520072700,890037909,16654800
27330,474931520072700,890037909,16761600
27330,474931520072700,890037909,16660100
27330,474931520072700,890037909,16575800
27330,474931520072700,890037909,16666300
27330,474931520072700,890037909,16734500
27330,474931520072700,890037909,16611100
27330,474931520072700,890037909,16696800
27330,474931520072700,890037909,16729400
27330,474931520072700,890037909,16571700
27330,474931520072700,890037909,16655000
27330,474931520072700,890037909,16706800
27330,474931520072700,890037909,16689800
27330,474931520072700,890037909,16635800
27330,474931520072700,890037909,16667100
27330,474931520072700,890037909,16632400
27340,474932019946400,890037909,16697500
27340,474932019946400,890037909,16702000
27340,474932019946400,890037909,16607900
27340,474932019946400,890037909,16684800
27340,474932019946400,890037909,16687400
27340,474932019946400,890037909,16615300
27340,474932019946400,890037909,16590300
27340,474932019946400,890037909,16747900
27340,474932019946400,890037909,16664800
27340,474932019946400,890037909,16677600
27340,474932019946400,890037909,16657000
27340,474932019946400,890037909,16666400
27340,474932019946400,890037909,16690400
27340,474932019946400,890037909,16670500
27340,474932019946400,890037909,16675700
27340,474932019946400,890037909,16633200
27340,474932019946400,890037909,16729000
27340,474932019946400,890037909,16601800
27340,474932019946400,890037909,16676700
27340,474932019946400,890037909,16677400
27340,474932019946400,890037909,16690500
27340,474932019946400,890037909,16638200
27340,474932019946400,890037909,16745000
27340,474932019946400,890037909,16580700
27340,474932019946400,890037909,16639800
27340,474932019946400,890037909,16700900
27340,474932019946400,890037909,16631300
27340,474932019946400,890037909,16666000
27340,474932019946400,890037909,16671300
27340,474932019946400,890037909,16662300
27350,474932519963300,890037909,16691600
27350,474932519963300,890037909,16672700
27350,474932519963300,890037909,16642600
27350,474932519963300,890037909,16656000
27350,474932519963300,890037909,16667400
27350,474932519963300,890037909,16662700
27350,474932519963300,890037909,16676300
27350,474932519963300,890037909,16684500
27350,474932519963300,890037909,16762700
27350,474932519963300,890037909,16591200
27350,474932519963300,890037909,16765100
27350,474932519963300,890037909,16621000
27350,474932519963300,890037909,16576400
27350,474932519963300,890037909,16640900
27350,474932519963300,890037909,16858300
27350,474932519963300,890037909,16504500
27350,474932519963300,890037909,16725900
27350,474932519963300,890037909,16598200
27350,474932519963300,890037909,16652700
27350,474932519963300,890037909,16702300
27350,474932519963300,890037909,16645500
27350,474932519963300,890037909,16750800
27350,474932519963300,890037909,16600600
27350,474932519963300,890037909,16651500
27350,474932519963300,890037909,16707600
27350,474932519963300,890037909,16687400
27350,474932519963300,890037909,16652500
27350,474932519963300,890037909,16638100
27350,474932519963300,890037909,16668800
27350,474932519963300,890037909,16732100
27360,474933019865700,890037909,16679400
27360,474933019865700,890037909,16457200
27360,474933019865700,890037909,16910000
27360,474933019865700,890037909,16596400
27360,474933019865700,890037909,16716000
27360,474933019865700,890037909,16653600
27360,474933019865700,890037909,16634200
27360,474933019865700,890037909,16628300
27360,474933019865700,890037909,16614200
27360,474933019865700,890037909,16705700
27360,474933019865700,890037909,16678400
27360,474933019865700,890037909,16635800
27360,474933019865700,890037909,16712700
27360,474933019865700,890037909,16696000
27360,474933019865700,890037909,16576200
27360,474933019865700,890037909,16920300
27360,474933019865700,890037909,16463200
27360,474933019865700,890037909,16710400
27360,474933019865700,890037909,16561300
27360,474933019865700,890037909,16686700
27360,474933019865700,890037909,16658200
27360,474933019865700,890037909,16723200
27360,474933019865700,890037909,16630000
27360,474933019865700,890037909,16714900
27360,474933019865700,890037909,16681800
27360,474933019865700,890037909,16748900
27360,474933019865700,890037909,16479300
27360,474933019865700,890037909,16693100
27360,474933019865700,890037909,16538400
27360,474933019865700,890037909,16783700
27370,474933519929200,890037909,16667800
27370,474933519929200,890037909,16689500
27370,474933519929200,890037909,16630100
27370,474933519929200,890037909,16691200
27370,474933519929200,890037909,16667100
27370,474933519929200,890037909,16689000
27370,474933519929200,890037909,16638600
27370,474933519929200,890037909,16676700
27370,474933519929200,890037909,16682600
27370,474933519929200,890037909,16676800
27370,474933519929200,890037909,16652400
27370,474933519929200,890037909,16615200
27370,474933519929200,890037909,16663900
27370,474933519929200,890037909,16677200
27370,474933519929200,890037909,16721200
27370,474933519929200,890037909,16678400
27370,474933519929200,890037909,16637800
27370,474933519929200,890037909,16682400
27370,474933519929200,890037909,16671800
27370,474933519929200,890037909,16657700
27370,474933519929200,890037909,16678400
27370,474933519929200,890037909,16775900
27370,474933519929200,890037909,16500400
27370,474933519929200,890037909,16647500
27370,474933519929200,890037909,16657100
27370,474933519929200,890037909,16702100
27370,474933519929200,890037909,16662100
27370,474933519929200,890037909,16705100
27370,474933519929200,890037909,16676500
27370,474933519929200,890037909,16639400
27380,474934019774100,890037909,16791200
27380,474934019774100,890037909,16520300
27380,474934019774100,890037909,16917500
27380,474934019774100,890037909,16531400
27380,474934019774100,890037909,16618300
27380,474934019774100,890037909,16617800
27380,474934019774100,890037909,16665700
27380,474934019774100,890037909,16708000
27380,474934019774100,890037909,16747100
27380,474934019774100,890037909,16533300
27380,474934019774100,890037909,16636300
27380,474934019774100,890037909,16728000
27380,474934019774100,890037909,16594200
27380,474934019774100,890037909,16771100
27380,474934019774100,890037909,16586300
27380,474934019774100,890037909,16811000
27380,474934019774100,890037909,16497000
27380,474934019774100,890037909,16660600
27380,474934019774100,890037909,16738500
27380,474934019774100,890037909,16759000
27380,474934019774100,890037909,16511100
27380,474934019774100,890037909,16670900
27380,474934019774100,890037909,16807200
27380,474934019774100,890037909,16594600
27380,474934019774100,890037909,16610900
27380,474934019774100,890037909,16670200
27380,474934019774100,890037909,16712400
27380,474934019774100,890037909,16619500
27380,474934019774100,890037909,16674500
27380,474934019774100,890037909,16646700
27390,474934520817400,890037909,16717400
27390,474934520817400,890037909,16631200
27390,474934520817400,890037909,16681300
27390,474934520817400,890037909,16632400
27390,474934520817400,890037909,16633800
27390,474934520817400,890037909,16772900
27390,474934520817400,890037909,16564100
27390,474934520817400,890037909,16703700
27390,474934520817400,890037909,16643900
27390,474934520817400,890037909,16702200
27390,474934520817400,890037909,16666600
27390,474934520817400,890037909,16621900
27390,474934520817400,890037909,16696300
27390,474934520817400,890037909,16671500
27390,474934520817400,890037909,16651200
27390,474934520817400,890037909,16670500
27390,474934520817400,890037909,16674200
27390,474934520817400,890037909,16632300
27390,474934520817400,890037909,16781900
27390,474934520817400,890037909,16552200
27390,474934520817400,890037909,16666400
27390,474934520817400,890037909,16666000
27390,474934520817400,890037909,16695900
27390,474934520817400,890037909,16677000
27390,474934520817400,890037909,16625500
27390,474934520817400,890037909,16719300
27390,474934520817400,890037909,16658700
27390,474934520817400,890037909,16649700
27390,474934520817400,890037909,16644600
27390,474934520817400,890037909,16736200
27400,474935019926500,890037909,16582900
27400,474935019926500,890037909,16692800
27400,474935019926500,890037909,16706500
27400,474935019926500,890037909,16592500
27400,474935019926500,890037909,16739100
27400,474935019926500,890037909,16600500
27400,474935019926500,890037909,16660700
27400,474935019926500,890037909,16701500
27400,474935019926500,890037909,16700100
27400,474935019926500,890037909,16806400
27400,474935019926500,890037909,16493600
27400,474935019926500,890037909,16640800
27400,474935019926500,890037909,16668900
27400,474935019926500,890037909,16700200
27400,474935019926500,890037909,16724800
27400,474935019926500,890037909,16585200
27400,474935019926500,890037909,16674600
27400,474935019926500,890037909,16637300
27400,474935019926500,890037909,16702500
27400,474935019926500,890037909,16685000
27400,474935019926500,890037909,16609500
27400,474935019926500,890037909,16746600
27400,474935019926500,890037909,16616300
27400,474935019926500,890037909,16634100
27400,474935019926500,890037909,16686400
27400,474935019926500,890037909,16696600
27400,474935019926500,890037909,16619300
27400,474935019926500,890037909,16671000
27400,474935019926500,890037909,16738200
27400,474935019926500,890037909,16625400
27410,474935519603600,890037909,16655500
27410,474935519603600,890037909,16667200
27410,474935519603600,890037909,16677000
27410,474935519603600,890037909,16655600
27410,474935519603600,890037909,16665700
27410,474935519603600,890037909,16651200
27410,474935519603600,890037909,16673700
27410,474935519603600,890037909,16708300
27410,474935519603600,890037909,16601300
27410,474935519603600,890037909,16747800
27410,474935519603600,890037909,16589500
27410,474935519603600,890037909,17149200
27410,474935519603600,890037909,16167600
27410,474935519603600,890037909,16738200
27410,474935519603600,890037909,16610500
27410,474935519603600,890037909,16659500
27410,474935519603600,890037909,16719900
27410,474935519603600,890037909,16623400
27410,474935519603600,890037909,16679600
27410,474935519603600,890037909,16697200
27410,474935519603600,890037909,16678200
27410,474935519603600,890037909,16703100
27410,474935519603600,890037909,16583800
27410,474935519603600,890037909,16979300
27410,474935519603600,890037909,16356100
27410,474935519603600,890037909,16638600
27410,474935519603600,890037909,16695700
27410,474935519603600,890037909,16642700
27410,474935519603600,890037909,16690700
27410,474935519603600,890037909,16684900
27420,474936019689000,890037909,16490500
27420,474936019689000,890037909,16827700
27420,474936019689000,890037909,16679500
27420,474936019689000,890037909,16653300
27420,474936019689000,890037909,16679000
27420,474936019689000,890037909,16661600
27420,474936019689000,890037909,16641100
27420,474936019689000,890037909,16690500
27420,474936019689000,890037909,16659100
27420,474936019689000,890037909,16625200
27420,474936019689000,890037909,16704200
27420,474936019689000,890037909,16666500
27420,474936019689000,890037909,16659200
27420,474936019689000,890037909,16639100
27420,474936019689000,890037909,16700000
27420,474936019689000,890037909,16654200
27420,474936019689000,890037909,16673400
27420,474936019689000,890037909,16636400
27420,474936019689000,890037909,16735500
27420,474936019689000,890037909,16602800
27420,474936019689000,890037909,16634200
27420,474936019689000,890037909,16762800
27420,474936019689000,890037909,16630600
27420,474936019689000,890037909,16696700
27420,474936019689000,890037909,16590400
27420,474936019689000,890037909,16731300
27420,474936019689000,890037909,16811100
27420,474936019689000,890037909,16481400
27420,474936019689000,890037909,16648300
27420,474936019689000,890037909,16723600
27430,474936519578600,890037909,16863300
27430,474936519578600,890037909,16460300
27430,474936519578600,890037909,16771600
27430,474936519578600,890037909,16539500
27430,474936519578600,890037909,16674900
27430,474936519578600,890037909,16633200
27430,474936519578600,890037909,16690500
27430,474936519578600,890037909,16671800
27430,474936519578600,890037909,16628400
27430,474936519578600,890037909,16707500
27430,474936519578600,890037909,16658600
27430,474936519578600,890037909,16681600
27430,474936519578600,890037909,16638000
27430,474936519578600,890037909,16761800
27430,474936519578600,890037909,16634000
27430,474936519578600,890037909,16579600
27430,474936519578600,890037909,16698900
27430,474936519578600,890037909,16636800
27430,474936519578600,890037909,16704000
27430,474936519578600,890037909,16713300
27430,474936519578600,890037909,16614900
27430,474936519578600,890037909,16688100
27430,474936519578600,890037909,16620500
27430,474936519578600,890037909,16716000
27430,474936519578600,890037909,16635800
27430,474936519578600,890037909,16662400
27430,474936519578600,890037909,16769200
27430,474936519578600,890037909,16610500
27430,474936519578600,890037909,16674400
27430,474936519578600,890037909,16621800
27440,474937019600100,890037909,16697300
27440,474937019600100,890037909,16612900
27440,474937019600100,890037909,16763000
27440,474937019600100,890037909,16573800
27440,474937019600100,890037909,16667500
27440,474937019600100,890037909,16571100
27440,474937019600100,890037909,16732900
27440,474937019600100,890037909,16679500
27440,474937019600100,890037909,16716600
27440,474937019600100,890037909,16625000
27440,474937019600100,890037909,16684400
27440,474937019600100,890037909,16689700
27440,474937019600100,890037909,16623900
27440,474937019600100,890037909,16666300
27440,474937019600100,890037909,16733700
27440,474937019600100,890037909,16597100
27440,474937019600100,890037909,16674300
27440,474937019600100,890037909,16634200
27440,474937019600100,890037909,16794000
27440,474937019600100,890037909,16580300
27440,474937019600100,890037909,16695500
27440,474937019600100,890037909,16631100
27440,474937019600100,890037909,16705400
27440,474937019600100,890037909,16666500
27440,474937019600100,890037909,16669900
27440,474937019600100,890037909,16675600
27440,474937019600100,890037909,16647600
27440,474937019600100,890037909,16625900
27440,474937019600100,890037909,16674800
27440,474937019600100,890037909,16670900
27450,474937519845900,890037909,16650700
27450,474937519845900,890037909,16665400
27450,474937519845900,890037909,16739800
27450,474937519845900,890037909,16557600
27450,474937519845900,890037909,16765500
27450,474937519845900,890037909,16609400
27450,474937519845900,890037909,16634300
27450,474937519845900,890037909,16669700
27450,474937519845900,890037909,16752900
27450,474937519845900,890037909,16619800
27450,474937519845900,890037909,16643600
27450,474937519845900,890037909,16653200
27450,474937519845900,890037909,16688500
27450,474937519845900,890037909,16667300
27450,474937519845900,890037909,16630500
27450,474937519845900,890037909,16674000
27450,474937519845900,890037909,16735800
27450,474937519845900,890037909,16672100
27450,474937519845900,890037909,16577800
27450,474937519845900,890037909,16724500
27450,474937519845900,890037909,16705900
27450,474937519845900,890037909,16617200
27450,474937519845900,890037909,16670700
27450,474937519845900,890037909,16693800
27450,474937519845900,890037909,16612400
27450,474937519845900,890037909,16674500
27450,474937519845900,890037909,16698000
27450,474937519845900,890037909,16624200
27450,474937519845900,890037909,16654400
27450,474937519845900,890037909,16731500
27460,474938020041200,890037909,16624700
27460,474938020041200,890037909,16695100
27460,474938020041200,890037909,16675400
27460,474938020041200,890037909,16618700
27460,474938020041200,890037909,16658700
27460,474938020041200,890037909,16672800
27460,474938020041200,890037909,16660800
27460,474938020041200,890037909,16668100
27460,474938020041200,890037909,16687700
27460,474938020041200,890037909,16645400
27460,474938020041200,890037909,16662400
27460,474938020041200,890037909,16674700
27460,474938020041200,890037909,16651600
27460,474938020041200,890037909,16664600
27460,474938020041200,890037909,16682800
27460,474938020041200,890037909,16509500
27460,474938020041200,890037909,16856700
27460,474938020041200,890037909,16700400
27460,474938020041200,890037909,16654000
27460,474938020041200,890037909,16460500
27460,474938020041200,890037909,16845000
27460,474938020041200,890037909,16524500
27460,474938020041200,890037909,16773300
27460,474938020041200,890037909,16695900
27460,474938020041200,890037909,16646500
27460,474938020041200,890037909,16718800
27460,474938020041200,890037909,16779800
27460,474938020041200,890037909,16498300
27460,474938020041200,890037909,16697100
27460,474938020041200,890037909,16694400
27470,474938522259800,890037909,16666600
27470,474938522259800,890037909,16595800
27470,474938522259800,890037909,16685700
27470,474938522259800,890037909,16656600
27470,474938522259800,890037909,16717700
27470,474938522259800,890037909,16684200
27470,474938522259800,890037909,16564400
27470,474938522259800,890037909,16664900
27470,474938522259800,890037909,16707100
27470,474938522259800,890037909,16687700
27470,474938522259800,890037909,16631800
27470,474938522259800,890037909,16637200
27470,474938522259800,890037909,16721000
27470,474938522259800,890037909,16738300
27470,474938522259800,890037909,16618000
27470,474938522259800,890037909,16576600
27470,474938522259800,890037909,16706400
27470,474938522259800,890037909,16716500
27470,474938522259800,890037909,16581500
27470,474938522259800,890037909,16678300
27470,474938522259800,890037909,16681400
27470,474938522259800,890037909,16678400
27470,474938522259800,890037909,16688000
27470,474938522259800,890037909,16688100
27470,474938522259800,890037909,16577900
27470,474938522259800,890037909,16720500
27470,474938522259800,890037909,16754400
27470,474938522259800,890037909,16549800
27470,474938522259800,890037909,16722000
27470,474938522259800,890037909,16848600
27480,474939019670200,890037909,16528300
27480,474939019670200,890037909,16595900
27480,474939019670200,890037909,16898100
27480,474939019670200,890037909,16388700
27480,474939019670200,890037909,16677200
27480,474939019670200,890037909,16688600
27480,474939019670200,890037909,16594000
27480,474939019670200,890037909,16703500
27480,474939019670200,890037909,16745700
27480,474939019670200,890037909,16579100
27480,474939019670200,890037909,16745500
27480,474939019670200,890037909,16639500
27480,474939019670200,890037909,16631700
27480,474939019670200,890037909,16656400
27480,474939019670200,890037909,16753800
27480,474939019670200,890037909,16680200
27480,474939019670200,890037909,16566200
27480,474939019670200,890037909,16690600
27480,474939019670200,890037909,16655200
27480,474939019670200,890037909,16655200
27480,474939019670200,890037909,16739300
27480,474939019670200,890037909,16606500
27480,474939019670200,890037909,16735400
27480,474939019670200,890037909,16716100
27480,474939019670200,890037909,16648500
27480,474939019670200,890037909,16621000
27480,474939019670200,890037909,16762200
27480,474939019670200,890037909,16522500
27480,474939019670200,890037909,16636600
27480,474939019670200,890037909,16820500
