case,stage,kind,runtime_sha256,samples,p50_ms,p95_ms,p99_ms,max_ms,at_least_250ms,at_least_500ms
Final2629-Baseline01,formal,formal_reference,569E97050C4281EF0B89AED9EEDFEB18DE7C34CC4651E24530339C95D87F1629,12000,19.6014,75.89,86.5268,132.7947,0,0
Final2629-Candidate01,formal,formal_reference,2629CA06F85C1114438637EC8EF5F111E935827FF4FED041E167534D2FB6DD48,12000,0.1422,4.8543,7.1143,56.798,0,0
Final2629-Baseline02,formal,formal_reference,569E97050C4281EF0B89AED9EEDFEB18DE7C34CC4651E24530339C95D87F1629,12000,19.8656,77.0589,88.8883,174.1735,0,0
Final2629-Candidate02,formal,formal_reference,2629CA06F85C1114438637EC8EF5F111E935827FF4FED041E167534D2FB6DD48,12000,0.1376,4.8406,7.1858,61.3604,0,0
Final2629-Baseline03,formal,formal_reference,569E97050C4281EF0B89AED9EEDFEB18DE7C34CC4651E24530339C95D87F1629,12000,19.0278,75.8901,83.8775,119.3318,0,0
Final2629-Candidate03,formal,formal_reference,2629CA06F85C1114438637EC8EF5F111E935827FF4FED041E167534D2FB6DD48,12000,0.0925,4.9846,8.7407,59.904,0,0
Final-active10-L1,first,historical_exploration,4A455FBFB44F05C652482716F1F072B538A3CFC5E3751C567549A1690C0B890D,1200,0.1572,0.8647,2.4321,48.0189,0,0
Final-active100-L4-N100,first,historical_exploration,4A455FBFB44F05C652482716F1F072B538A3CFC5E3751C567549A1690C0B890D,1200,0.1364,26.5575,31.9454,71.3429,0,0
Final-active100-L4-N300,first,historical_exploration,4A455FBFB44F05C652482716F1F072B538A3CFC5E3751C567549A1690C0B890D,1200,0.1239,88.0163,96.9164,126.2151,0,0
Final-active1000-resumed-L16-N20,first,historical_exploration,4A455FBFB44F05C652482716F1F072B538A3CFC5E3751C567549A1690C0B890D,1200,0.152,57.6745,71.8842,123.7727,0,0
Final-active5000-resumed-L32-N20,first,historical_exploration,4A455FBFB44F05C652482716F1F072B538A3CFC5E3751C567549A1690C0B890D,1200,0.2437,7.923,421.7989,515.962,60,1
Final-idle-0,first,historical_exploration,4A455FBFB44F05C652482716F1F072B538A3CFC5E3751C567549A1690C0B890D,1200,0.2881,0.9111,9.5194,253.6212,1,0
Final-idle-1000,first,historical_exploration,4A455FBFB44F05C652482716F1F072B538A3CFC5E3751C567549A1690C0B890D,1200,0.2949,0.9547,10.7079,378.865,2,0
Final-idle-10000,first,historical_exploration,4A455FBFB44F05C652482716F1F072B538A3CFC5E3751C567549A1690C0B890D,1200,0.2902,1.0349,7.9469,1294.4323,2,1
Final-static-offline-0,first,historical_exploration,4A455FBFB44F05C652482716F1F072B538A3CFC5E3751C567549A1690C0B890D,1200,0.167,0.6359,8.3961,173.4204,0,0
Final-static-offline-1000,first,historical_exploration,4A455FBFB44F05C652482716F1F072B538A3CFC5E3751C567549A1690C0B890D,1200,0.1665,0.2878,1.6232,46.3363,0,0
Final-static-offline-10000,first,historical_exploration,4A455FBFB44F05C652482716F1F072B538A3CFC5E3751C567549A1690C0B890D,1200,0.1209,0.2343,1.4244,41.8996,0,0
Final-mixed-authored-60-resumed,first,historical_exploration,4A455FBFB44F05C652482716F1F072B538A3CFC5E3751C567549A1690C0B890D,72000,2.2521,8.2254,125.019,2614.3568,368,16
Final-mixed-authored-60-resumed,hud-final-60,historical_exploration,6455840D283DE21EDC008CCE34C0E366591E4D3A4703D0E9046A9EB6E216B15B,72000,0.2909,5.2008,143.6371,823.2539,369,36
Final-mixed-authored-60-resumed,font-3B-final-cold,historical_exploration,3B4665096AB0484B901EEE580AF8F0E07158DB9B597B1317921B1D9B825A885F,3600,2.856,10.0868,166.4161,826.9463,21,6
Final1B-cold-repeat-profile,cold-repeat,historical_stress,1B764E139F073CADFC8B660EB28A1D5C89B6DB08A8BBBC8E2AF923DD11A7CD85,3600,2.26,12.3655,190.4295,2490.2172,27,4
Final1B-idle10000-profile,idle-final1B,historical_stress,1B764E139F073CADFC8B660EB28A1D5C89B6DB08A8BBBC8E2AF923DD11A7CD85,1200,0.0768,0.1843,0.6924,43.2601,0,0
Final1B-queued-authored-60,final1B-queued-60,historical_stress,1B764E139F073CADFC8B660EB28A1D5C89B6DB08A8BBBC8E2AF923DD11A7CD85,72000,2.745,10.6138,159.8777,403.5524,360,0
Final1B-queued-authored-60,final1B-queued-cold,historical_stress,1B764E139F073CADFC8B660EB28A1D5C89B6DB08A8BBBC8E2AF923DD11A7CD85,6000,2.641,13.6138,183.6061,3532.1063,42,5
Final1B-queued-authored-check,queued-authored-check,historical_stress,1B764E139F073CADFC8B660EB28A1D5C89B6DB08A8BBBC8E2AF923DD11A7CD85,3600,3.0272,8.3855,144.5433,347.5418,18,0
Final-linear-closed-60,linear-native-check,final_current_hash_stress,8B416C270C017873D5D18F96CBB5CA89F67EC88643809731E185776BB62043FC,9600,3.3969,11.7076,171.0624,804.4247,49,3
Final-linear-idle10000,linear-idle-10000,final_current_hash_stress,8B416C270C017873D5D18F96CBB5CA89F67EC88643809731E185776BB62043FC,1200,0.1369,0.217,1.2725,44.6508,0,0
Final-linear-robust-60,linear-final-60,final_current_hash_stress,8B416C270C017873D5D18F96CBB5CA89F67EC88643809731E185776BB62043FC,72000,2.8316,10.638,177.8476,607.8875,362,17
Final-linear-robust-60,linear-final-cold,final_current_hash_stress,8B416C270C017873D5D18F96CBB5CA89F67EC88643809731E185776BB62043FC,6000,2.5626,12.0691,198.2444,653.2519,31,26
