1790786728785,0335-static-long-start
1790786745776,0335-static-long-end
1790787115053,0335-v4-static-long-start
1790787130136,0335-v4-static-long-end
1790787193651,0334-v4-static-long-start
1790787208671,0334-v4-static-long-end
1790787742077,0334-published-v4-static-long-start
1790787757094,0334-published-v4-static-long-end
0335-final-v4-static-long-start,1790788589188
0335-final-v4-static-long-end,1790788604205
0335-final-uncovered-v4-static-long-start,1790788624055
0335-final-uncovered-v4-static-long-end,1790788639076
